TieuDe,UrlBaiViet,NguonTin,NgayDang,MoTa
Mô hình đào tạo theo 'đặt hàng' tại Trường đại học Cửu Long - Báo Tuổi Trẻ,https://news.google.com/rss/articles/CBMinwFBVV95cUxOZF9QbkEyUmo0SWNYeXZZSE1yVUR1V1AzQ050Y2t5cVJFRjJ5RFdDRUxpZ0dKS0NXb3dVX3RlUkRmakdUSDg4VzZaS29wTWZDSkxSbTllTFdGUGhSYmJpOUxFc3ljTEEyTHdSNmxyVVZibjVVdmljVnlKRjZsdVZDTGZxaXNHQ3Y5TU9lTDlKeXRLdVFlQXRCUnFNRUE0MzA?oc=5,Google News - Nguồn tin,"Tue, 28 Apr 2026 03:30:00 GMT",Mô hình đào tạo theo 'đặt hàng' tại Trường đại học Cửu Long  Báo Tuổi Trẻ
Sinh viên nói gì về Trường đại học Cửu Long - Báo Thanh Niên,https://news.google.com/rss/articles/CBMikAFBVV95cUxOY3NDekl1Sjh2Y2JpSTNjamtKSjVINS1vYnFfVUJGQUJYMkoyeC1jWmFuX1JCc0JZb1ZjeUsyaFZ4emhYT1NyalhIQ0ZBUVR3MzBnMlpudHNtRlhGbDVhVGh5QWo1WFdyUFNDQ0laNnRLSFM1b2VkMUNKOTNsY2twYkU0UDYxLVNkQldkU1p3RVI?oc=5,Google News - Nguồn tin,"Tue, 28 Apr 2026 01:01:21 GMT",Sinh viên nói gì về Trường đại học Cửu Long  Báo Thanh Niên
Trường Đại học Cửu Long khai giảng lớp đào tạo Tiếng Việt cho người nước ngoài - Báo Người Lao Động,https://news.google.com/rss/articles/CBMivAFBVV95cUxPM3NhN3g5MnM0M2JkcTJ4bW9icm11SncwZE1XM2tNMzlBQ3o3RzNwTWQ5QmQ3dlh5VGFzVktRdVNCcncwQW1RQzZQUF8zbFNrT21yRnY2aklWbkIwYV95TDNxcHdFN3ZHNUZrOU9jQXNuaFZzc2h2STNPazJwYS1LUUc0clNHUkpnTG1WZkxybjBudjlXdTBBTnl4T3RaZC1vZGNVcEdVTE9nRFBpRzdCeDZ6U3ZMOVRGMnc3Nw?oc=5,Google News - Nguồn tin,"Sun, 26 Apr 2026 14:02:00 GMT",Trường Đại học Cửu Long khai giảng lớp đào tạo Tiếng Việt cho người nước ngoài  Báo Người Lao Động
Sư đoàn 5 tham gia tuyên truyền tại Trường Đại học Cửu Long - Quân Khu 7 Online,https://news.google.com/rss/articles/CBMirAFBVV95cUxOaEJqbmgxSGhTRl9La2ZsTWFGRmZVTkwtRHBaMEp4V2JuNEswOTZydHNGRWZ5Y1lnWkdBRmJucUFaSS1WRjdnQUpGNGo4MVZRdlpZbUFnTDlwbnJZdmQ1VkFpMTVGazVpd1RaMUVQNkx1WGlEbGpUa1M0MnZQOThEM2lPRmQ1Wk1vd2h5azh4LWJHNVZZRzZPMC1udVE4Snl1Nk5lNlVIWGtPcWtS?oc=5,Google News - Nguồn tin,"Wed, 22 Apr 2026 00:56:00 GMT",Sư đoàn 5 tham gia tuyên truyền tại Trường Đại học Cửu Long  Quân Khu 7 Online
"Sôi nổi hoạt động tuyên truyền về biển, đảo tại Trường Đại học Cửu Long của Trung đoàn 196 - Báo Quân đội nhân dân",https://news.google.com/rss/articles/CBMi3AFBVV95cUxPSzcwaWdPY3ZuWVRRSFdnencxLTlxZDUwNVF4YWM3Q2NZRFR2SlZ3b0ZrZFh6VXFYMWprVWoxTW5faTlLSkxNa3lmcmJWRFlOMGJXZ2NWck5YQ2NLQU1iYVNvNWQ0c0g4SHVQRzVNSjEwZE1NWmJaUExvX2NOMjRCNzhtUVlNWm8tcmpsZi1MUzNJclFzMG9fOFR5eTNwODlGd0xtZkR2Ny1wNXdTR3dqbUM2b2Mxd3k3V0dWdGNwMmdOelJMVlJPY3lEd0RLbjRIMUNFeVBUNVdaVE85?oc=5,Google News - Nguồn tin,"Tue, 21 Apr 2026 12:46:47 GMT","Sôi nổi hoạt động tuyên truyền về biển, đảo tại Trường Đại học Cửu Long của Trung đoàn 196  Báo Quân đội nhân dân"
Trường ĐH Cửu Long khai giảng lớp đào tạo Tiếng Việt cho người nước ngoài - Giáo dục Thủ đô,https://news.google.com/rss/articles/CBMiwgFBVV95cUxQLUJHbXNuNGs4N05DUTNPOVBubVc5V0RNTGZDMkY1bzd5VTRCWHRKSU1vVzF3TVhjZkgteDg0S1dieUFBellzMW9MUEcxc0NRUnZCRUpFRldwcnVJNjBDb2tIdVJucExGaUgwdjMwTk5Wdk1MNE9jRHFlV01TUDNXRHBYUURDa0Rpa1VLOF9sWWgwMWRWZGNreXVHQVhneDlaRXFBbHFpWEVqVDVZak9OeVZCOHRMQXphczloX2IxRVBOdw?oc=5,Google News - Nguồn tin,"Sun, 26 Apr 2026 13:29:01 GMT",Trường ĐH Cửu Long khai giảng lớp đào tạo Tiếng Việt cho người nước ngoài  Giáo dục Thủ đô
Trường Đại học Cửu Long họp mặt mừng Tết Chôl Chnăm Thmây năm 2026 - Laodong.vn,https://news.google.com/rss/articles/CBMirwFBVV95cUxQVFJlUGlvNXJMOWVDR2NqQm42cnBxbE0yVDY5Z1l5elZKMGU3TFhkQmoyTTN0QTdrZW5QTDMzYmtGMl9YUVpiZ0NLaDJueGVPWEoxSk0zT21xOXdfUXJwWDJ3Z0FseHR6WDBfUU9YQXV5UmlNeDJaQjBHelUxRXlrdHJhY1U5SHFlWXRWMVplTnhDSnpzb3I5blFEeWh6QXBxU2pjSU8zN2JLdUVCNXVr?oc=5,Google News - Nguồn tin,"Tue, 14 Apr 2026 07:00:00 GMT",Trường Đại học Cửu Long họp mặt mừng Tết Chôl Chnăm Thmây năm 2026  Laodong.vn
Điểm chuẩn Trường Đại học Cửu Long 2025 - xaydungchinhsach.chinhphu.vn,https://news.google.com/rss/articles/CBMioAFBVV95cUxPMmt6MC14SGh1NWYtcDBabEJObEx4LVNKWVgzejF2Rm8xVjMzZXpMakthbVhDSGZVSmdfQ1hGZ0tZc0tWRU1yVXRTOTdreDZaR1ZlU05GS3hxaHRHeS1mNUEyOXFpNzVaekZ0NldJWEgtanJKOWxVUEdKazk0ZnlzMTF5ZWI2aDVxQVBPRFhQMnlxOHVlRlUycFpZMHZFV240?oc=5,Google News - Nguồn tin,"Mon, 25 Aug 2025 07:00:00 GMT",Điểm chuẩn Trường Đại học Cửu Long 2025  xaydungchinhsach.chinhphu.vn
Công an Vĩnh Long tạo điều kiện thuận lợi cho Lưu học sinh các nước học tập tại Trường Đại học Cửu Long - Báo Công an Nhân dân điện tử - Công an Nhân dân,https://news.google.com/rss/articles/CBMi5AFBVV95cUxPdVVjOEEwT0dTQXh3QndFaW9QQ0RtdDAtZUhzenVOaHpxVmVENkI4MmhHUXUzVE1zNnhvZ2VIaDFQejhDWjNXdG1uVG9hcFUxOGJTZmtVa2ZtZV9iZFVOblZkd0tHa1VON0N0bTFiWVVpT1NiVGNEcXdKNFNfN0xWcjJvcDRKV1JDQWtqQ240Q2RWRk9WRHhiVFRJdEN1RzhPV3gtYkI4SWpoYWNlakFaeXRQX1RoNkw3RDZEejdLRWFOekdxcWRYM2lQVmVITE5nRWtHNFNWQlpORVV2OTdJMEtERWjSAeoBQVVfeXFMTVdVMFBmOTRkalpTanBFV1RHVDZocV9HT1lzN1NsWmZDWG9QLVM5WnJhY0s1cjV5dnZnNVpKenoySVFHenVBbkN3Ti1xTUJSTVZIQ3lfamJ4VjBFdU5qbGp4Y0xNblEwcWgtTy1qOGtVRGw3MXEyMm5Wa2lmSFhYbmNjeElmeThmWXQybXlCVUt6RU9iQm82ZU9QZV9OUmd4MUNxc0JvT3liaExuMldJbVNfQ2VIelFsOWd5VUFOVTlUazNTUkFET2tudGRLWmJfRTZnUkhqXzVmRDZDd3hwMTNZQTl3SC1ZbUFn?oc=5,Google News - Nguồn tin,"Tue, 14 Apr 2026 12:49:00 GMT",Công an Vĩnh Long tạo điều kiện thuận lợi cho Lưu học sinh các nước học tập tại Trường Đại học Cửu Long - Báo Công an Nhân dân điện tử  Công an Nhân dân
"Trường Đại học Cửu Long quán triệt, triển khai Nghị quyết Trung ương và định hướng phát triển tỉnh Vĩnh Long - Báo Pháp Luật Việt Nam",https://news.google.com/rss/articles/CBMi0AFBVV95cUxPX2FzVEJLeXF0cnBXZk1rTWIyQkJRSFhzazZ1OVROcEFIRUEwa0NJUThVaUFYMGI4UUNadDJCRVB5OFBsQ3drUURwVExBX0RjRG5GRENPcnRWaFN4SF9iYTd4T3diRVZWcTFhWXcybk1IQTJsTU5UU0l3Z2VjLW52T1YyTkQ5Sm44b2oxSlhvLTlvMFJBLWotZVdoa3JzTDJXdlZQczBrR0VrVnpNeExuRG9IdFRRVlIxMVNLNTVpa1E1UTJvdm5JRVJwQUM0UVpt?oc=5,Google News - Nguồn tin,"Tue, 21 Apr 2026 07:55:14 GMT","Trường Đại học Cửu Long quán triệt, triển khai Nghị quyết Trung ương và định hướng phát triển tỉnh Vĩnh Long  Báo Pháp Luật Việt Nam"
Trung đoàn 196 thông tin về biển đảo cho hơn 5.000 sinh viên Trường Đại học Cửu Long - Báo Hải quân Việt Nam,https://news.google.com/rss/articles/CBMivAFBVV95cUxNOEVsdXFMWE5JTHk4QWdvaTN3OG54X1pvcEpnTEdKazFPQVJyaW5SM0g5NnJ1UVpVemdxTHpUYU9CazlvcUd1bXZuaFR2czNPVTh3TF9YLTA1N1gyYU4xeDJnNEtZT1IzVGZMREhucF9HYWgwVkYwUzBKWnpxRGRXUTA1RTFUbm43Vi1KVm1lU1pUN0d1YU05R0Q5c3VkSnp5SjhTVzQtRjRxeGZJZkQ5N0xLVGdMRDE5U1R6Zg?oc=5,Google News - Nguồn tin,"Tue, 21 Apr 2026 15:08:00 GMT",Trung đoàn 196 thông tin về biển đảo cho hơn 5.000 sinh viên Trường Đại học Cửu Long  Báo Hải quân Việt Nam
What do students say about Cuu Long University? - Vietnam.vn,https://news.google.com/rss/articles/CBMieEFVX3lxTE4zR0dPVVpZTjRfQkRKZlI0eGZjbU04NXRfeHpGVTV0TDhFdGNScmNsUm9NS2VjaTlQaGVWS0FvTDlab054bTVPTEtITkxKM215WkdFbXNUdGIzSE02M2tUSFR4QmZTQ1JKNXNYVmtMVmhKTXh1ZlV1aA?oc=5,Google News - Nguồn tin,"Tue, 28 Apr 2026 01:29:19 GMT",What do students say about Cuu Long University?  Vietnam.vn
Trường đại học Cửu Long đầu tư gần 10 tỷ đồng để nghiên cứu khoa học - Báo Nhân Dân điện tử,https://news.google.com/rss/articles/CBMipgFBVV95cUxOcWxTSXdhZlFmSDE1TldDRGN5ZGdQcmNZVUdMcS1oLTNCcGlZUDEyM1JGX2E3bWJDalBkRzRPSjBsUFdJeEs2bGRXYzdLS0ZZTHlFdklyU09zMFNTN096U3Z5MGpBbjhZaGVzeEZVaUM0YWZLSXhlRlpKVjdyWEUzalZfLWVnTEQweWNmMUdxQ0VvcVA4UUFIN282Rkt0WVduX1BpWkV3?oc=5,Google News - Nguồn tin,"Fri, 16 Jan 2026 08:00:00 GMT",Trường đại học Cửu Long đầu tư gần 10 tỷ đồng để nghiên cứu khoa học  Báo Nhân Dân điện tử
Một trường đại học ở Nhật Bản “bắt tay” với Trường Đại học Cửu Long - Báo Người Lao Động,https://news.google.com/rss/articles/CBMiqwFBVV95cUxOM1k3RzZlemxrOEw1d0lHZ05Td184WXQ4SF80NUpMc19DMDhaVVExZTlaQm1ORlc2WC1zaUpVNlhHTDdodk9TTDBJSW9udzc1dXV1RXVmOFVpc2tjQVNsSWNaRkZ2WFdSSFpHSlEyM1J1UmVNYVNGcjVPLWhPa1pJNUJ0SFJKNzFvemVlazhlNFR4MjJyMm9mSUI0dFcxTWtWZjlpZlJ4Yy0tMHM?oc=5,Google News - Nguồn tin,"Sat, 18 Apr 2026 03:10:00 GMT",Một trường đại học ở Nhật Bản “bắt tay” với Trường Đại học Cửu Long  Báo Người Lao Động
Trường Đại học Cửu Long hợp tác Sở KHCN Vĩnh Long về chuyển đổi số - Laodong.vn,https://news.google.com/rss/articles/CBMirwFBVV95cUxPeFR6cXJ6OGx2cFVYUGV3VVRWSzdiQmtZSHlYU196SFNHTm1fTWhGZ1VwUlJ1TkdpTklibkdOcms5UF9fWk5NVEFsNTYyRWlxZWVtcU01QkNQX2d5aC1BT0RleWJ2SWJLaE1GNkpEeW9VZUhEbnFieWFqeEl3Mld1RkNOX3R0ek15eVpJdjF3Y2FRNUdpbDJHREw0VjkxSEhxckdscmtZUjRjdThJUEJV?oc=5,Google News - Nguồn tin,"Tue, 21 Apr 2026 08:36:29 GMT",Trường Đại học Cửu Long hợp tác Sở KHCN Vĩnh Long về chuyển đổi số  Laodong.vn
"19h ngày 7-4, Trường đại học Cửu Long lên sóng Khám phá trường học - Báo Tuổi Trẻ",https://news.google.com/rss/articles/CBMiqgFBVV95cUxNUDFlazE0eWsyTks4VHhNTmNYLVhrSTBuaE15M1V0aTMzRzcyN2NNQlg3ZWJSQnhKd2NOYjVzZ24zeU1NZUdZbFdhYkxIWjZfX0xhLXQzbGpScVFzRjBuRGxzclVSR3BfVC1GZ2JaYmNoLWxoSzFmaUFqblZCT1l1SW5iQ3BselgzRVYyOFV5Y1VQcEtKUWc4YWxzSmdxQ2lCYUd1cng3YUtRQQ?oc=5,Google News - Nguồn tin,"Tue, 07 Apr 2026 07:00:00 GMT","19h ngày 7-4, Trường đại học Cửu Long lên sóng Khám phá trường học  Báo Tuổi Trẻ"
Rộn ràng tết Chôl Chnăm Thmây tại Trường Đại học Cửu Long - Báo Giáo dục và Thời đại Online,https://news.google.com/rss/articles/CBMioAFBVV95cUxOSGJrODlQbDlzc3dwT2k0NVVMSVpQY1E2WkNnbEwtWkI5M1RIRGFjZjdNQ082LVlQS2U0QjlFMUFad3M3LV94R1JybGNyVkxYWnBSRVNNdWRaZmNJTXJmTzZ5eFpuVmloTkswZWRYa1BSZlp4aDdoZ3RTVmNIcDVLS3BHMldyaUhGT1d6UW9xbk05cnVvenEtTmdNSnBaZG9H?oc=5,Google News - Nguồn tin,"Tue, 14 Apr 2026 14:20:28 GMT",Rộn ràng tết Chôl Chnăm Thmây tại Trường Đại học Cửu Long  Báo Giáo dục và Thời đại Online
"Trường đại học Cửu Long: Tuyển sinh đa ngành, nhiều chính sách hỗ trợ sinh viên - Báo Tuổi Trẻ",https://news.google.com/rss/articles/CBMiugFBVV95cUxPUERYUHZvbmh6UllPVmVuVkdwSVpSVXBtOU1LTHJFRXA0aEZwOTJUclhwbTA1ZjZCd3RuOW4tTDEyM2prQkJGYUdmZ1J5Tl9rNDRkRjNzMlM5X21RVGZtOW1EWmJKS0Z4bE5vOUpwRzJjSzZ5V0wzVVdmbk9qWVB3VnVnRjVONUtqRnVBZFE1WkpQc1labE1EOEtjMDdxbnlfTHg4S3gyN2x0M0Rkb01tcUVFc09EWU9YSUE?oc=5,Google News - Nguồn tin,"Sat, 14 Mar 2026 07:00:00 GMT","Trường đại học Cửu Long: Tuyển sinh đa ngành, nhiều chính sách hỗ trợ sinh viên  Báo Tuổi Trẻ"
Trường Đại học Cửu Long: Nhiều mô hình và giải pháp công nghệ có giá trị - Báo Tuổi Trẻ,https://news.google.com/rss/articles/CBMisgFBVV95cUxQNXFmcUdIZTEzYlB6Y0NpNEx3TVY2QlVVdlExV2QzaEw0M05jMjFVbVcwaVRWT2ZKTEhLa19JX2FkVThHcVJFeXpvSS1lTXMzT2V1d1NfUDIzTjItZGhnaEhEMFJsVzctRWtXZUV5SlpXSXRTRUR6SmJjM2tQRlZreEtodFhJc3o3dTYzdDAxNU0zSFNBMEwxRXUxS1NJNUNudElvcWJKeUc2ZTFvVzRxZDJ3?oc=5,Google News - Nguồn tin,"Tue, 28 Oct 2025 07:00:00 GMT",Trường Đại học Cửu Long: Nhiều mô hình và giải pháp công nghệ có giá trị  Báo Tuổi Trẻ
Khám phá trường học 2026: Bên trong tòa nhà Khoa học sức khỏe của Trường đại học Cửu Long - Báo Tuổi Trẻ,https://news.google.com/rss/articles/CBMiwgFBVV95cUxOVEpjS01zbUxKYnR0NUM5R3l3VS1aalVQNjk0cWlETjJSelZlUWQ3MnNWNGRURmNnLVNWb2VndDFydTM5c2lJbERNYkFZb3JRZXdHMGJacEhpNGs1MFdPeXlXYjRMX3lKME11RGdsME1SVTItS1FDODZlNWlFYm9SUnp0ODVrVEpDd19kaU9US2JUWEdyQ2N4QThTMU5jSDVfVlNTb3VEVzFmME1SaW5vaDdfYTk3SUJELUZtQWxkX18tUQ?oc=5,Google News - Nguồn tin,"Tue, 07 Apr 2026 07:00:00 GMT",Khám phá trường học 2026: Bên trong tòa nhà Khoa học sức khỏe của Trường đại học Cửu Long  Báo Tuổi Trẻ
TTH Group đặt hàng đào tạo nguồn nhân lực với Trường Đại học Cửu Long - Báo Người Lao Động,https://news.google.com/rss/articles/CBMisAFBVV95cUxOUHk5WjV1ME93UVNxTXkyNDNNZ0VBOTl6TUlMYmZzWnhkQmdmUFE5anpXTFE0a1ptb2xoWmVjb2ROUks1dFRGOHlIR0pVc2xCVngtbU50dW92VG9zR2JXbEROdTZNUFBGRzRjeXl3a2pnb1JzOTRVNkllLXBtRGU0RzhYQWs2T1dHcm1sVFNlUThBQnpCZW9ienNBVnVMbTZmcnBhMjFJRkF5UWFNenM5Sg?oc=5,Google News - Nguồn tin,"Fri, 10 Apr 2026 10:19:00 GMT",TTH Group đặt hàng đào tạo nguồn nhân lực với Trường Đại học Cửu Long  Báo Người Lao Động
30 sinh viên Trường Đại học Cửu Long tốt nghiệp xuất sắc - Báo Dân trí,https://news.google.com/rss/articles/CBMirgFBVV95cUxORENOZmp0clpkWDRrRVFMYmdUYV9feWhQWnR0dml5aUdIdzZPejVUaFNFdWJNai1OTkZSQWE2MTFJOTdkT240YlJwWVNxNmFpakFKNUpaOTFxaUdsWDFCYllzYjhxeXNpM0w2VlhDRlVFV0Fna1pUdzVXMGZ0ZlJMMm82cmV0SkdjdzRqVjhwRkxfdzhCSVRoRFYta3NrUlVnWTRzNkhLeGRsVHNyWnc?oc=5,Google News - Nguồn tin,"Thu, 05 Feb 2026 08:00:00 GMT",30 sinh viên Trường Đại học Cửu Long tốt nghiệp xuất sắc  Báo Dân trí
Những dấu ấn của Trường đại học Cửu Long năm 2025 - Báo Tuổi Trẻ,https://news.google.com/rss/articles/CBMilAFBVV95cUxNMFFid3FOYWVsS0U1LVkzQXFuc0x5azE0czVCSy1UNV8yVlhfV2FiT1E1ZWlyaUJOVjc4azZpaGM2WkRVV3dIZDh6djZjVHdlblJ6a2dKZ1NkeWFoVng4ZzMyLUVhZjR4ZWVwbjNnUnZWZ2hkaGE0NFNaMk1UcEtrdGdnM2VIZXBQUENSMXQ2OXF6MjNO?oc=5,Google News - Nguồn tin,"Wed, 21 Jan 2026 08:00:00 GMT",Những dấu ấn của Trường đại học Cửu Long năm 2025  Báo Tuổi Trẻ
Trường đại học Cửu Long xét tuyển bổ sung hệ đại học chính quy năm 2025 - Báo Tuổi Trẻ,https://news.google.com/rss/articles/CBMisgFBVV95cUxOVk5HSGd3MDI3ZGNMTm1JRDNzYXUwd0pOY21CZUZfc25fb0tRMWtqcWRlelZPMTM1eklmckVJSFlFT1hTRHBaUDZnMTl4TlZ6em9mcjlWQjY4YlROdWR2eDhEcVIwMjlSWlctR0lwVl9rcFR3N3p5WHdUWXl6aTg2TXJBRTNVNVNwa3hpTTE3d1BVRWltMXBvcm9HLU50aVZvM0R4NDAxV1dMeEFJQUt1RG9B?oc=5,Google News - Nguồn tin,"Thu, 04 Sep 2025 07:00:00 GMT",Trường đại học Cửu Long xét tuyển bổ sung hệ đại học chính quy năm 2025  Báo Tuổi Trẻ
Trường Đại học Cửu Long kỷ niệm 25 năm thành lập và đón nhận Huân chương Lao động hạng Nhì - Bao Vinh Long,https://news.google.com/rss/articles/CBMi7gFBVV95cUxOZDR1N3VfQktMRlNuUGkyTjh5cXhvTEk0NkJpdmQyc05pbDgxZUdZTFNxYTh1ZlNmOXdZOTJBd29FUUZKYnZhbzRqcG1GU3FKTjZIQzBBSjJ4NkxMV1BHMXhobzlhVThPTXhzT0VNRzhzUnlpZG4tdklZR0JNVExqUVNqTW5tNUM0ZWRrR2pnVGdPNnNZQnZjcFVGbjZ0dXZyLVRkTVNINWhCRWk0SmJtcmdsQ1NrZG9iZzFJZ1pqWDNxUWZkQ3h5QzdKM0djQlR5aFZFbjZMUmdIMUJuZy1FekpQRF9uQldSRzlwM1V3?oc=5,Google News - Nguồn tin,"Sat, 18 Oct 2025 07:00:00 GMT",Trường Đại học Cửu Long kỷ niệm 25 năm thành lập và đón nhận Huân chương Lao động hạng Nhì  Bao Vinh Long
Trường Đại học Cửu Long đẩy mạnh hợp tác với các đối tác tại Nhật Bản - Báo Người Lao Động,https://news.google.com/rss/articles/CBMisAFBVV95cUxQSlczbmllSDlGcXpOZndxdkxkdWhVdDhaMkFHVWdQTm93c3laajZjM1R4eGdwVlFBSW5FZS0zMWVyQlBQcFd1RnVlOVZZZHJwcTVWVkZ3MjkwUXFaOHlwZ29PZlAtUFJIeW5ZSkNUeXg1T2paU21udE1jN2Znc19ndHh4Z0gxNHRMNktLLXdYY1Jlc1R1czJWUEJSUFdSMlNsM2R6U2MxeXl3R2lEeHNsQQ?oc=5,Google News - Nguồn tin,"Thu, 19 Mar 2026 07:00:00 GMT",Trường Đại học Cửu Long đẩy mạnh hợp tác với các đối tác tại Nhật Bản  Báo Người Lao Động
Trường ĐH Cửu Long “chốt” ngôn ngữ giảng dạy cho sinh viên Ấn Độ - Báo Người Lao Động,https://news.google.com/rss/articles/CBMipwFBVV95cUxPMTJDRE9nMXdDUnNsWjg0bXMtWWpwd2FtNUllVFNvclB3alJxaVl5LUZGUmVjN2FQRnUyaFNaTy1GWVZzRG9jaHZSOG1mYjVQU05fWDA2MUZwX29YaklZbmh0bjd2czhna1NLVmsyTjJNZ0ZMYWRGWnctMnE2VjY2VUY0NE5CYWo1SmdkaFFsVlhHOG1iOXR0T3RyYXlaclJJeXd5ZjEwTQ?oc=5,Google News - Nguồn tin,"Tue, 07 Apr 2026 07:00:00 GMT",Trường ĐH Cửu Long “chốt” ngôn ngữ giảng dạy cho sinh viên Ấn Độ  Báo Người Lao Động
Trung đoàn 196 giáo dục truyền thống tại Khu tưởng niệm chiến sĩ Gạc Ma - Báo Hải quân Việt Nam,https://news.google.com/rss/articles/CBMirAFBVV95cUxOY05zelc3SmZoaXZvTzhJSUNyVWhsRy1xSnFDSk4wM3ZnTXZtWkZ4NEdMSHRodjVMQk1la2drODlNWE02d0lmcjZrVW9tblJtVXVhWTNzVDRqbGxOaHFIM3Q0UlhYSk51ZkwxeFJuSGxIT0E4QkVfVjRINnZUejBJb2F3UkZCRHFnWTY5OHY3OFdDWkRBOXMtLXFRMFF6dFdXZVlUVXlweVc0bVoz?oc=5,Google News - Nguồn tin,"Mon, 27 Apr 2026 10:40:00 GMT",Trung đoàn 196 giáo dục truyền thống tại Khu tưởng niệm chiến sĩ Gạc Ma  Báo Hải quân Việt Nam
Cô Nguyễn Kim Quyên của Trường Đại học Cửu Long đạt chuẩn phó giáo sư năm 2025 - Giáo dục Việt Nam,https://news.google.com/rss/articles/CBMitgFBVV95cUxPMzNKTm5zVm1UckFBWHphdVB6bG5jWE81TFFOckEweFhkV1p6Ukp1SVNTdFpMdnhtRkkxeGFZeHpkbmF6NmVXTzZqTDlTZlZHTDlib1g5TlphQUdLMEZPd1NCdmphUmZ1MUx3eHQ0czFtR04zOFpHNEFqWnEyZ21ZMU55LU96QW9pM2U2eHZ0RmFMUm9kckFDbEVzbnhGSkpJQTFRbzdWU1ZhbU5mbXRtZnN5T1lwUQ?oc=5,Google News - Nguồn tin,"Tue, 18 Nov 2025 08:00:00 GMT",Cô Nguyễn Kim Quyên của Trường Đại học Cửu Long đạt chuẩn phó giáo sư năm 2025  Giáo dục Việt Nam
Trường đại học Cửu Long: Nhiều chính sách ưu đãi cho tân sinh viên - Báo Tuổi Trẻ,https://news.google.com/rss/articles/CBMiqgFBVV95cUxPc09SdG13aERlRjlQUXhoM28xa1BlSzA3MHdtMlk2ZkxGZ05UaVVjQTJnQjAydndKSjdscThTazdlSS1YUGtqcmFTRUlncDFzeTBITzJMLUlMUW1GRzM4bTNsM3dHQk1SYldWbTR0REpGZktpd0tkS0tfSmh6czRxY1I5cW40WXJLTkFFVGVoU1JqS05xU3BqUFdhT0hNQkFGN2ozMU42WEZoQQ?oc=5,Google News - Nguồn tin,"Tue, 26 Aug 2025 07:00:00 GMT",Trường đại học Cửu Long: Nhiều chính sách ưu đãi cho tân sinh viên  Báo Tuổi Trẻ
Trường Đại học Cửu Long quan hệ hợp tác với các đối tác ở Hàn Quốc - Báo Người Lao Động,https://news.google.com/rss/articles/CBMirAFBVV95cUxPY3U2d0wxUnBMbUctNG5IWTlhSEFybFlrdThONmtnNGQwLUNocFh4RUFJZGdfY3BfTW5YdWt5cklGMUk0bERocEJzLXl3Um42WEhYdHpsVjBFczBqN1FMYWRDTUY4UnlHWkpDanZzMm9IMWF0Q0tGeXJCaHh1RGFCR2hObEtrWEdPOGJVLWRtVnBGN3hGdmhrTGE4eTRhWm5DRFo4RmJzd09IMTFf?oc=5,Google News - Nguồn tin,"Thu, 12 Mar 2026 07:00:00 GMT",Trường Đại học Cửu Long quan hệ hợp tác với các đối tác ở Hàn Quốc  Báo Người Lao Động
Trường đại học Cửu Long khám bệnh và cấp thuốc miễn phí cho gần 4.000 người - Báo Nhân Dân điện tử,https://news.google.com/rss/articles/CBMirgFBVV95cUxOZ2NoT1A5UU1qOHFGTXhYQWlsVlQ3NWxFTUFPM054Z29GOE02REU5LTE3ck9XdWttOGJETDM5ODFjRnl4VkFXalRpdHhkdnNUa3pxQVNDWDA1Tml1TEJXTlh5T0NPaElnbzlKYlktVzRUZDdTdGNDdmxDeXZLbllzdmZUdG9Xd0g4Rko3dV9UU0UxdV9zSUc5N2VOaDRQZTh1S3I5VXRVaUt2R29VLVE?oc=5,Google News - Nguồn tin,"Sat, 07 Mar 2026 08:00:00 GMT",Trường đại học Cửu Long khám bệnh và cấp thuốc miễn phí cho gần 4.000 người  Báo Nhân Dân điện tử
Trường Đại học Cửu Long – 25 năm vững bước phát triển và nâng tầm chất lượng - Giáo dục Việt Nam,https://news.google.com/rss/articles/CBMisAFBVV95cUxPSERPTnNpWjN3UXRha2NYcGxLTlo3WDhNTjQ2c01qOHduQ1dNb19WQl9ETy01aEQ4QWVFWkU4bDU4N3JsekktbUR0RTd0dlpxeHdlN2JTc1JFZmNFWExiOVA3cUV2eUpHcjE2SDIwbFdObW9mQ0djVDI3aS0wV1M3YlRxYjAwVnBBX2QybEFKdVRQeGZidnhuWjRBVXV1eF9DazdYMFBNOVppQnNDUHl4cg?oc=5,Google News - Nguồn tin,"Sun, 26 Oct 2025 07:00:00 GMT",Trường Đại học Cửu Long – 25 năm vững bước phát triển và nâng tầm chất lượng  Giáo dục Việt Nam
Trường đại học Cửu Long: Tích cực đổi mới để phát triển mạnh mẽ hơn - Báo Tuổi Trẻ,https://news.google.com/rss/articles/CBMiqwFBVV95cUxPR0pNX3BzS0VVR2Q4SDVRTDFqYjFhNjVocElLM3FkeVpBc0VQcjdXSEF2c1JJcnAzZ25xNmEwbEhYek9EdnhJTlN0MzJEVnUzZUhLME54YjF5a19YMy1vQ0pVaGJsUnNQUDhBcUlISERDTDM1cHNfVWpjVU9Hc0lpNUFzSzExR3lHeF8ySDNObXJWZzI5RWhoaDZsR3dxWFViaGZUZjNWc0h5Vms?oc=5,Google News - Nguồn tin,"Sat, 18 Oct 2025 07:00:00 GMT",Trường đại học Cửu Long: Tích cực đổi mới để phát triển mạnh mẽ hơn  Báo Tuổi Trẻ
Trường Đại học Cửu Long thêm ba chương trình đào tạo đạt chuẩn - Báo Tuổi Trẻ,https://news.google.com/rss/articles/CBMipgFBVV95cUxNdzhHYURyaFM3UnN0VE53WW9CdG1maVVxaUdpUG4wVnBxQ2E5WXcybVhNS3VhRTFUeUVIZmtVTGRBYU1VRkNVX1JDUHdqM3dZb3NpcV96R1d3QTd1V3ZjYWZXcjJqV2xJNDR5cDVQMGIzbmEzSHBTdWRraU5mbkpFSkdQS1hiUnU3NkNWanRqZ3huMEpxdWZaeHUtX1NVa0RJVWlrRERR?oc=5,Google News - Nguồn tin,"Mon, 29 Dec 2025 08:00:00 GMT",Trường Đại học Cửu Long thêm ba chương trình đào tạo đạt chuẩn  Báo Tuổi Trẻ
Hiệu trưởng Trường Đại học Cửu Long được giới thiệu tham gia ứng cử Đại biểu HĐND tỉnh Vĩnh Long - Báo Đại Đoàn Kết,https://news.google.com/rss/articles/CBMiwAFBVV95cUxORzFjeGtOR2tTSDlZMGsyUzljWWpxR0J3U1hnSTR6UEpXel9vVDVqUzRDVU9FOUZSQXNYTUpXUHdPUy1wamFzLVdCaUl6azkwWk5JSFpnZndZcUs1a1lDZ05mTVZjTHp6azRxMlVGUXI2QjRLMVFBbkdfTXg0QnFmcFJMRDZ6NGJTbHFNUko4bHcwYWlkUzVGd05iU3RYRUVseW1keHp3cG5hWWMxUERNbHNlRWlvQ0FNS3h5Z1BTd0I?oc=5,Google News - Nguồn tin,"Wed, 21 Jan 2026 08:00:00 GMT",Hiệu trưởng Trường Đại học Cửu Long được giới thiệu tham gia ứng cử Đại biểu HĐND tỉnh Vĩnh Long  Báo Đại Đoàn Kết
Trường Đại học Cửu Long triển khai 5 chiến lược thu hút đội ngũ giảng viên trình độ cao - Giáo dục Việt Nam,https://news.google.com/rss/articles/CBMiwgFBVV95cUxNd3dpUGVpLWNEbDdFa0g0MWVtU0d6cHZhdHN5YWlpVkJZRlk5ZkQ1ZmVtdjJ0QUNWNGdyVWVWODVMNzloM2F4V1RjSzJ5WVVYM2N6anVlc1JSU0loM3lxWG1KSWdTUWstaWJlQlcxWDFRSzRnYVBTY2VzaGRCN0tYUXN2NDB6ZmlHWVpCOFItZGRZYUJ6dXpqTkJyVXVob0JrMjltY21ST1Y4czhxV19sTXZqRFlZczhsQ1E5aHVFZDNydw?oc=5,Google News - Nguồn tin,"Mon, 26 Jan 2026 08:00:00 GMT",Trường Đại học Cửu Long triển khai 5 chiến lược thu hút đội ngũ giảng viên trình độ cao  Giáo dục Việt Nam
Báo Dân trí và Trường Đại học Cửu Long ký kết thoả thuận hợp tác - Báo Dân trí,https://news.google.com/rss/articles/CBMiuAFBVV95cUxPaE9UZjJJRm9TVS1WTkFhMTM0YnFRYTZFWmItRklma1JrY0hVNkpwdi1SZ3cxRWF5WXc0SFJQY2laemFXVERob1N0TWFURlExUURya25oVnUzUjJwcGdTMGt6bTZMZ1ZpOFZUMkxGd0hfOEJvNGYxUTJMSVFXTDM0clB3b3FkSFVUMDNDYWVnaW5pNjNEWkV5MkUtZ2h0QVM3QS1ranJYNHEwUlhraTN1d3lWdmpTYmc5?oc=5,Google News - Nguồn tin,"Fri, 02 Jan 2026 08:00:00 GMT",Báo Dân trí và Trường Đại học Cửu Long ký kết thoả thuận hợp tác  Báo Dân trí
Trường đại học Cửu Long: đào tạo lưu học sinh quốc tế là nhiệm vụ quan trọng - Báo Tuổi Trẻ,https://news.google.com/rss/articles/CBMitwFBVV95cUxOWWNZdDZjcVJRX1hReDd3UTBwZmNIVm1ndFVfUmo0Vl93aXhWclhUU3pnRS15SVpWNXlGRmhYNnFNdTdpdllsbHRxRW9sWTdSdEZhVlExMnJfdG5wT3FPRUh6azhzRzJpSUYwVFk5OS1YeWRndl91QkEwRjZ5NW1TNGdsczRxbm1Ba3B5Y0VRaXJkMTJkaDVUUDlvcmowZ1VjV1RaS2IzQzJDQ1lwZ3RDZEhOLWhfbDA?oc=5,Google News - Nguồn tin,"Fri, 19 Sep 2025 07:00:00 GMT",Trường đại học Cửu Long: đào tạo lưu học sinh quốc tế là nhiệm vụ quan trọng  Báo Tuổi Trẻ
"Trường Đại học Cửu Long: Tăng cường hợp tác đưa sinh viên đi thực tập, làm việc ở nước ngoài - Báo Đồng Tháp",https://news.google.com/rss/articles/CBMipAFBVV95cUxQa0VkWWNkajh5ZmtCV2tYQ3lDS3Z3VHJnMVhrQmZoX0FoSGstUGFvNnJsbWJlT3Y5UkxSc2JySFpuc2w3SDJQTzlEbTBvX2RlTEJVOU5feWhnNWFuVVVKVVZDbU9DTzJSYnp0cGVVeVdJbGVWU0RiSGJXd25RZ29DV09RUDdJa2ZYWVhyUmRqZkRGbjZzR2xvSURxYVE5R2xTVDRDUg?oc=5,Google News - Nguồn tin,"Wed, 31 Dec 2025 08:00:00 GMT","Trường Đại học Cửu Long: Tăng cường hợp tác đưa sinh viên đi thực tập, làm việc ở nước ngoài  Báo Đồng Tháp"
Trường Đại học Cửu Long trao bằng tốt nghiệp cho 387 tân cử nhân - Laodong.vn,https://news.google.com/rss/articles/CBMiqwFBVV95cUxNT0ZSLVdjRDdvN09JQUdaMi1FaDM4WjBfdGM4N2pfZC0yWlpabUI1YkRqNTNUT25CXzlSdHhYbnBkdm9pdFZoa240aFF1VHVXRlZwSXBzb09PcGV5WUw2NlBFRW9MMWdldXdKeFRtZjJHY3BHQnNQWXZ6NTdsQ1FOX1BjUDJwNGNjTDJ5Sms1dUlxVDFZVmhqbGpIUHZpS3ZPTWxGTWZtQWlNUDg?oc=5,Google News - Nguồn tin,"Thu, 05 Feb 2026 08:00:00 GMT",Trường Đại học Cửu Long trao bằng tốt nghiệp cho 387 tân cử nhân  Laodong.vn
Trường đại học Cửu Long: Họp mặt kỷ niệm 43 năm Ngày Nhà giáo - Báo Tuổi Trẻ,https://news.google.com/rss/articles/CBMiowFBVV95cUxNZ2JibVdOaUdJenMwVU5aMzFWTk5nTmlEN1ZneHRURkZQUHVkSENGQjhVcFNvNVR1TDg5WEpBeFE2dEp0a3ZtNEpEVXhaR0x3RkJOZ2JTN3BVdm54d1RCaHdHLV9BcTRxQzlBZDY0V3NuaDBqbDI2TWZON3kwOTktUTR3b2NaSng5SHVYdk9ZcVdER0hmSS13dUhBaG1hWk5RUFdZ?oc=5,Google News - Nguồn tin,"Fri, 21 Nov 2025 08:00:00 GMT",Trường đại học Cửu Long: Họp mặt kỷ niệm 43 năm Ngày Nhà giáo  Báo Tuổi Trẻ
Loạt sự kiện tiêu biểu năm 2025 của Trường Đại học Cửu Long - Báo Người Lao Động,https://news.google.com/rss/articles/CBMiowFBVV95cUxObFI5SHIyYTIzTjkzckFuSnBzMG9BY3UwUGROUTZqVlhkMXQ1S1I3dWZYX0g1MFZfX2I0ZHhGc2FjZGlkbEtKTUtqaE9GQmNYamYzUWV4T0dMWnZ5cVFjTHd6NzFXWkhJb0ZkMXpXMlBWd0J0YWxZRTVNU2FMUHBXTGhnT3UtS216dXQ3eG90R1M2TVZsQXRkUjEzSzVyZUJmN1hB?oc=5,Google News - Nguồn tin,"Sat, 21 Feb 2026 08:00:00 GMT",Loạt sự kiện tiêu biểu năm 2025 của Trường Đại học Cửu Long  Báo Người Lao Động
Nhiều đóng góp quan trọng của Tạp chí khoa học Đại học Cửu Long - Báo Dân trí,https://news.google.com/rss/articles/CBMitwFBVV95cUxOU1Z0TnBtSDRoOFZyc3hhTHl1a3Z5aU5STGNlMTBLUTJIQzl1OUNmZU8zRjZ0d3JEU2g4bWI0aWpLY3lmZmp4eGx5a01FS1Z0bWpvaVVJUHFJQnRjVW5xZ0hmODhZcEIybDVyM0NGb1ZtQ0ZFT0t4QlhibVljVDNQbkN0dXhuMV9FS2J5ODB6YjdfU2U0Njg5ZFBmUHBQeUd6dU9uWTFBYWJ2R2dqNXFhRWJJVXFNazA?oc=5,Google News - Nguồn tin,"Fri, 30 Jan 2026 08:00:00 GMT",Nhiều đóng góp quan trọng của Tạp chí khoa học Đại học Cửu Long  Báo Dân trí
Trường đại học Cửu Long tổ chức khám bệnh giúp người dân - Báo Thanh Niên,https://news.google.com/rss/articles/CBMiogFBVV95cUxOaWxSMW1ILVBWVTM4Wm5VaVRuSG16d1l3eWRvbTl3dDE3VmtPWVRUUTRSVVBKVDRHTmhpNnpkSk5kempJWnJ1cWo2R05oV2F1bUNuVW1BUUpTMk1FSFZSZndpcUxWLWkwOE9GRlNROEx2aEd0Y2M3SzhoVVpFMlI0U2I4bFNiWXBXVmluU3lnRC1kS2pGX2ZlTGhxaDZLOGRnSEE?oc=5,Google News - Nguồn tin,"Sun, 08 Mar 2026 08:00:00 GMT",Trường đại học Cửu Long tổ chức khám bệnh giúp người dân  Báo Thanh Niên
"Báo GD&TĐ, Sở GD&ĐT Vĩnh Long và Trường ĐH Cửu Long hướng nghiệp cho hàng nghìn HS - Báo Giáo dục và Thời đại Online",https://news.google.com/rss/articles/CBMivgFBVV95cUxOcEVJTDg5bnRRSFBrQW1Uakl5MEtFcmVOanhwa3BNd3FnRmxyOUlMV3EtMlc0QmdWMDBqQWdEWmdfQ0pUT25idVVlWW5PUVRnMkR3aWVHY0xIR2U2N3VpSTFxQ3BpQ0N0UGVwVlFCWkVJTHY4SjhxMjdxTTNoMEJmU3V6Wk14cWUtVXl2c0Z6R2k4U2RzM1VsSm5qYWdnUjVPeldZbUNpSUgyRTJFNklFUTRvSVBINUpLbjRyeEpn?oc=5,Google News - Nguồn tin,"Fri, 10 Apr 2026 07:00:00 GMT","Báo GD&TĐ, Sở GD&ĐT Vĩnh Long và Trường ĐH Cửu Long hướng nghiệp cho hàng nghìn HS  Báo Giáo dục và Thời đại Online"
Trường đại học Cửu Long nhận Huân chương Lao động hạng nhì - Báo Tuổi Trẻ,https://news.google.com/rss/articles/CBMioAFBVV95cUxQZkNUQVFyaWlUN244ZWJFY1FwRGQyY3RCQ0tXdjJBaVFYRjctWWNBYjNhNUVJT2Nxd0I4bFFicURGYzdYZE9iVjlwenpaMGljaFZpSzU4Zkc4SzF1amFKOEJaN1k3M2s1RlJscmpPQjlkRDdIeUVERk9oWVk0VmpFdnkzZzdkYmg5Q3ktZHh3TE92VFJJUU01SjZVMUdPYjBp?oc=5,Google News - Nguồn tin,"Sat, 18 Oct 2025 07:00:00 GMT",Trường đại học Cửu Long nhận Huân chương Lao động hạng nhì  Báo Tuổi Trẻ
Trường ĐH Cửu Long đẩy mạnh hợp tác với Trường Đại học Y tế Sức khỏe Tokyo - Báo Giáo dục và Thời đại Online,https://news.google.com/rss/articles/CBMitwFBVV95cUxNNW8wSG5KQTE5YjhPakxHRWJLaXJhbG5yM085QzRtWTZzaVEwaE9WTHRlbFBNT2IzWDA4WHdpSGJoZ0xtWEROQ0I1Z19GWi1FcWR6SVJiaU9kWFNqZVFheENUZkdQTG5Wa1RJRWxpVTZfYXBRb1ppbWV6MFllc25MM0Nkdmp0Q2xBdm1tQ18zNHVoNW5ObXV0alBqLTBSS2xVQ21TcDRzMVB3MWJaUUpVWlc4aG5xZGc?oc=5,Google News - Nguồn tin,"Fri, 17 Apr 2026 07:00:00 GMT",Trường ĐH Cửu Long đẩy mạnh hợp tác với Trường Đại học Y tế Sức khỏe Tokyo  Báo Giáo dục và Thời đại Online
"Đại học Cửu Long khám bệnh, phát thuốc miễn phí cho khoảng 4.000 người dân - Laodong.vn",https://news.google.com/rss/articles/CBMirgFBVV95cUxOZnNIVWtVem1nZ1gtVHhWcU9VRGRDSDJBQjBRcGRtdkdSMWZNZ2EyZEUyU0VkRnNoVUlsc2tVUk12dkttb01aNUlfVzEtaEhrejFVNXE5dkc1UjJRQXRveDVqdUZxMERvUW9JR2dHRWczUVN6dTA4UGkydHk5OXVFd19GUHlzdXlVQVVGLUxaSHdwZy1lbTFsbTZTUm8zN3BRZ3cyM1lJZms1RkFaUWc?oc=5,Google News - Nguồn tin,"Sun, 08 Mar 2026 08:00:00 GMT","Đại học Cửu Long khám bệnh, phát thuốc miễn phí cho khoảng 4.000 người dân  Laodong.vn"
Lãnh đạo Trường ĐH Cửu Long thăm và chúc Tết Tổng Lãnh sự Lào và Campuchia tại TPHCM - Báo Người Lao Động,https://news.google.com/rss/articles/CBMixAFBVV95cUxQZ1ZxSE9DQWFPTTJOZmZWTGt2b0hnTDNEVjhqdEFjM0U1amVFcXlycXhHcm5iNW9QZnNFNGpGMUJuYWNGWERPSHFCMUxzenpiZHZwNi15MjhFTEd2b0JabmRFY3lhakcxS2ZFaGRhd1BEcnRlbmRka1BSWmNOLV8ydkpHei1PNnMyWnNNM1BoNkt0UHlhRThGcnphV1NHZVdBdVNpM3RhVTZmWHV3eUlHT055RmV2d1l1V1NiZ3U4SDFCaFhP?oc=5,Google News - Nguồn tin,"Thu, 09 Apr 2026 07:00:00 GMT",Lãnh đạo Trường ĐH Cửu Long thăm và chúc Tết Tổng Lãnh sự Lào và Campuchia tại TPHCM  Báo Người Lao Động
Trường Đại học Cửu Long: 25 năm xây dựng và phát triển - Báo Đồng Tháp,https://news.google.com/rss/articles/CBMikwFBVV95cUxPYVgxcFMxRXdiMDBtZ0JUdkRtR2s3NFAxTlhwV2NreXZwSXhidDc5U2dYcFRvVmFvdEoxU1E5TWJzcEo4QTU1YWJQWG5YeTRQc3pULVdPVDExd2E0aVRKa3QyQk1YMF9mcmFYbWdBNVJfajBYbWVOMFJPR0NDaF9meW9tSHhNLW1RWi1HWC1FTjJhRGM?oc=5,Google News - Nguồn tin,"Sat, 01 Nov 2025 07:00:00 GMT",Trường Đại học Cửu Long: 25 năm xây dựng và phát triển  Báo Đồng Tháp
Trường ĐH Cửu Long hợp tác với đối tác đến từ Nhật Bản để đào tạo tiến sĩ - Báo Người Lao Động,https://news.google.com/rss/articles/CBMitgFBVV95cUxOclBxLVdoS3U3U095ekVYM1F2emNrRVlPRWNta0RrU29sY3phNVktVWEzYTFiajF1UWFsU2N6amxYVnZyTHR3NXBIZXFCYTJiOWR2YXdCbS1JTWNYYks0eVQ2TmFJWkE5eUZGZXdQRW8wdXJxWFZwbHVCZFd1Tjg2d2FaR250QUJRTEhucDNyVWtDaVNiemZWQVdXbThkU0hCMGpWNjFDcE5QZ25YRXFHZ212Q2szQQ?oc=5,Google News - Nguồn tin,"Fri, 06 Feb 2026 08:00:00 GMT",Trường ĐH Cửu Long hợp tác với đối tác đến từ Nhật Bản để đào tạo tiến sĩ  Báo Người Lao Động
Trường Đại học Cửu Long trao bằng tốt nghiệp cho 387 cử nhân khóa 23 - Báo Công an Nhân dân điện tử - Công an Nhân dân,https://news.google.com/rss/articles/CBMiqgFBVV95cUxNTXJ4RkdTblRqTzJNYWxLaDdkLXlEVnQwY2VYdzlPX2dXRUFSUkttTmJsOVpGUEQyLVFMam9PNUJITFoxQVJIZk8xaUNFRmJkUl9wT0RNU3kyQXJKYVhDOHk3bWROSndWV0pMNnNyZWQyb0I1QWdrNG5rejQ1S2hIc1hoQ2dNNkVqbXJBLTlMSjVGWGdhWTVFTkZCSS14bzRsWF80bFdyNXRnZ9IBrwFBVV95cUxPeWU2SlZtLUxXY1hPN2ljVkxGNUZPdzFiVkIxMk9zQzFwZzE5R2MwYzlwVzdBek1NYU80UzFzWkg4RHh1cHJZTUhlbVZqSS1kbFg1aWJ0azdLRnYyQkwwR1V2SVU5QlpaUU0xZkFmNG1RTTJ3bVN6Q054eGxyRTJQNlRrTE1XaDZ2Yy1yNGNDa0ZUZWI4YjgweE54MVVXakN5b3lWSXR5WlVmakt3RTRR?oc=5,Google News - Nguồn tin,"Thu, 05 Feb 2026 08:00:00 GMT",Trường Đại học Cửu Long trao bằng tốt nghiệp cho 387 cử nhân khóa 23 - Báo Công an Nhân dân điện tử  Công an Nhân dân
Hơn 7.000 học sinh trải nghiệm tại Trường Đại học Cửu Long trong ngày 22-3 - Báo Người Lao Động,https://news.google.com/rss/articles/CBMitgFBVV95cUxNSHJZNkV3TzJsOTJpYmxxRkpaUGVqdVRzdHV0SHVwSmR1Y0NvR2QwRWN0UU1vZEsxNXE1YnVMUHhFdVVhTFZvUHl5Z2hXZUU1Q3RFOWxOb3JoUHhUVXhXMllha040M3hiY0ZYM2RmWTEyT2VPdGwxV2QySzlrX0ljY0MzS2RHaUVJV19CV1VwSGU4NDdmUUlSWkdaNHhjcUFJalk1WVROd21scjFObHN6djZreFpVdw?oc=5,Google News - Nguồn tin,"Sun, 22 Mar 2026 07:00:00 GMT",Hơn 7.000 học sinh trải nghiệm tại Trường Đại học Cửu Long trong ngày 22-3  Báo Người Lao Động
Trường đại học Cửu Long tổng kết 10 năm hợp tác và đào tạo quốc tế - Báo Nhân Dân điện tử,https://news.google.com/rss/articles/CBMiowFBVV95cUxNYl84b2t3eTYtbFRwWk5YY3RBVDJzUU5KcnlSRlZibS1icDVMZ3g2cTIyTGI4c0lNS1NLZ2hwMzNlZjR6SzZYd3Vuekg1Q0QwMDNpa1hhNlFGcVFqWEczWVBSY0tKRmFkdEpJRVgtd1JsNTh5VDE3akdiVFJvaGg4V21PRXMxZl9LLXN0bnlPTjlFbFBmTGQybnJfd0JES1JlRU9j?oc=5,Google News - Nguồn tin,"Thu, 18 Sep 2025 07:00:00 GMT",Trường đại học Cửu Long tổng kết 10 năm hợp tác và đào tạo quốc tế  Báo Nhân Dân điện tử
Trường Đại học Cửu Long giảm 30% học phí toàn phần cho các ngành “hot” - Báo Dân trí,https://news.google.com/rss/articles/CBMivAFBVV95cUxNMWc0RndKT1Z4cEJPTm9hSVJMTWJoTHV1QTlKRVZPSFpFTVlxdDJLeFM1WkdhM291WGNrelNjemN5a1kyWE9BaGNjQmsxZTAxdF9SZ01WNW0wcUpfZ0ZSVS1qVnFvc0VVZG9LMmVUQU5aQmFVRkV2R09vX3d4M3RqMmZsV0tqc0VSRGF3WmM2Z2RjT1I2RXFZX0NIbmNlSUJjTzhrVmRubEhiZExrTmNQQTZKQ2dienFXWEhtVA?oc=5,Google News - Nguồn tin,"Thu, 11 Sep 2025 07:00:00 GMT",Trường Đại học Cửu Long giảm 30% học phí toàn phần cho các ngành “hot”  Báo Dân trí
Trường ĐH Cửu Long và NXB Đại học Cần Thơ hợp tác xuất bản giáo trình và sách - Giáo dục Thủ đô,https://news.google.com/rss/articles/CBMixwFBVV95cUxPdWNfUnlpMnl4Z0J2ZkhyTmJiRlFQWW9nQzlWX0tXaEQtVld0SFFlN0ZBNWZ1d2NuNFNVRjRNQUxFNjI1dXRwZzI4XzlwOF9SMjhfcHNESGVROVVBTzdxREY2WDJrZG9JSUJ1bmNfeGpqVHdfMHZoa0FaNkJraUI5bmg5Nk1LUjZ2OVVjMjBhSmJTbllGUFRUbEo0TV9STGRjazF4WVVRV3lvcnZmS0kzQUp6SkxXLTRlTGxLTEk2SEdvTWVWbUlZ?oc=5,Google News - Nguồn tin,"Sat, 04 Apr 2026 07:00:00 GMT",Trường ĐH Cửu Long và NXB Đại học Cần Thơ hợp tác xuất bản giáo trình và sách  Giáo dục Thủ đô
"Trường Đại học Cửu Long-25 năm “vun trồng tri thức, lan tỏa niềm tin” - Bao Vinh Long",https://news.google.com/rss/articles/CBMizgFBVV95cUxQR2lxeWM0MTVJcUlOSXZEZHdsN0VmekNyWnYtTEtqOTQzSG5fS3dLTFRmY0cwTW5ub2NBcTl5SVExazZYd3VoeEJ6NXg4YVRGQTgwOVJkUy1CR0tmOXQ0MV9mbkxtelpWUWNPM0xibWlzWXR0M3MxOWs5TDRRTFBuWkVKQUtudlAyRzBNRlN1UXhyVHU5OG9Sa0xTTEFiMXRtenNySG5JbWkxQ1lJNFlfSHRYRUNueWJHUGNJUXpoQnFoRGVXb3VxNHRHODhNQQ?oc=5,Google News - Nguồn tin,"Sat, 18 Oct 2025 07:00:00 GMT","Trường Đại học Cửu Long-25 năm “vun trồng tri thức, lan tỏa niềm tin”  Bao Vinh Long"
"Trường ĐH Cửu Long hợp tác đào tạo, nghiên cứu với Trường ĐH Daejin, Hàn Quốc - Báo Giáo dục và Thời đại Online",https://news.google.com/rss/articles/CBMiuAFBVV95cUxQRFYtajFjd28yTk4yVldlT21wQXN2TUY5MGZQYzN2dm1WRUlsMXB5ejZTbkQwcE5SN2hHUTZGanR5TW9xRFJJOVpXNUEwTDhrUkd1NTZxY3hxTFdyVTBuZlVnMHlWUGlTcTZKU2wwWGZkcXg3MVNJQktlaVJLMWZmX1AyczJXal9PSXZOZ0pPTEZLVGY5VXB6cmNkaVVTSUttbk1veTlMZTM0ZmVDakFJWkpDNF8tX2JB?oc=5,Google News - Nguồn tin,"Fri, 10 Apr 2026 07:00:00 GMT","Trường ĐH Cửu Long hợp tác đào tạo, nghiên cứu với Trường ĐH Daejin, Hàn Quốc  Báo Giáo dục và Thời đại Online"
Nỗ lực đến 2030 Cửu Long thành đại học có nhiều thành viên - Báo Tuổi Trẻ,https://news.google.com/rss/articles/CBMioAFBVV95cUxNMV9QVHFtZkhXR3VpamxZa0tKUks5N2hJRTN5MlFGckpWTnJSSG8wZVZwN2FzM1QwQ1U3TkQ2NjlfTGNJSVU0MndnVldKNGdIYzJ2OFFUc2FVSUNUVFVsVTNYWnVjaVNVdEFycFE2OXdKdTlhckxWWGNjZlZlZ3VCOXVIaGhwX0hSd3A1ekpTOUt6N28xM0JvM09UT0pzM0JF?oc=5,Google News - Nguồn tin,"Fri, 19 Sep 2025 07:00:00 GMT",Nỗ lực đến 2030 Cửu Long thành đại học có nhiều thành viên  Báo Tuổi Trẻ
NGƯT.PGS.TS Lương Minh Cừ - Hiệu trưởng Trường Đại học Cửu Long: Người giữ lửa tri thức với tâm hồn thi sĩ - khoahocphothong.vn,https://news.google.com/rss/articles/CBMi2gFBVV95cUxPS04wT2tkUE0wY1FGZVQxQjVfMnp1WXFDcjd6S3BESGtpVGpTZUdoWGExOFZoNExKMzBvRWhBbEk2Rk1KYkNOSkplSnhUak1lZEozSU1qbDRJbTl3aHhMTHJEemhpS2VqUzJyLWRxSlJEVXB6TEc0QUpxVGVmT1RxWmNxenR6X1BRVGRjdTlsWHJUVEpxbUlNOFpOV0tVNDJUSnhQVV9UX1VNT2NKeXN6MFJDUXZnQ3JYQ1QzdHJhRlZzNzRIS1VJcjNTSnJiTThOeW1nMUlpWnFUUQ?oc=5,Google News - Nguồn tin,"Thu, 20 Nov 2025 08:00:00 GMT",NGƯT.PGS.TS Lương Minh Cừ - Hiệu trưởng Trường Đại học Cửu Long: Người giữ lửa tri thức với tâm hồn thi sĩ  khoahocphothong.vn
Trường Đại học Cửu Long: Tiên phong đào tạo nhân lực y tế chất lượng cao vùng ĐBSCL - Báo Công an Nhân dân điện tử - Công an Nhân dân,https://news.google.com/rss/articles/CBMivAFBVV95cUxNWlZOQWpRY1NnQWZtX1JFZk9UTUdRcVVyVWpxX0Iyc3RRYnRuMEt1bzlLRHA4a3I2VTZfMmVCSWNCeTlBMFBISG11QnlXcXlGbzZPM2ZucWR4aC0yR3o1OUJ0Snp4dXBycTVWMGJncHhsTk80WTBZcF8yZ0RXN0cyZmljcVVzSGthOXVFZk1xSGgyazhDdEdOWkZ2MmxaMU1DU3p5eFdZV3BVLVZabEgyc2lKUE1odjI0d3c1NdIBwgFBVV95cUxOU1NNQXVlRGdxbVFzRXItenZsWHVSc1BaMXBjdnFCVDZfNlhHNTc3SUozSzh2SGpWemJnTWpuYzNQdEtWb1Jha1lxbHdTRlpScV92VWFpZk1VWjhSalNQTHJhU1hqUEdfSUVmNXdaODVoS3pJeDNiZ3hBWUFWLTh4amNibFNXMEItelVqVUdBNUYxZVNKZFdueGlnOXM2TjVGTzF2TmpBdEZkRjlWVG5XRXRTa2hlR04zeTJLamhXR3VtQQ?oc=5,Google News - Nguồn tin,"Fri, 17 Oct 2025 07:00:00 GMT",Trường Đại học Cửu Long: Tiên phong đào tạo nhân lực y tế chất lượng cao vùng ĐBSCL - Báo Công an Nhân dân điện tử  Công an Nhân dân
Trường Đại học Cửu Long công bố điểm chuẩn năm 2025 - BÁO SÀI GÒN GIẢI PHÓNG,https://news.google.com/rss/articles/CBMilgFBVV95cUxQRHRoQ2dQYUJFb09xMFNXQkFGRFJSaTdmLUlSbjVLYVNJMHRRSEJZb1g1TENXSkEzVE9qeGhsZWpTLUdsRHZlNzkzS2NHLVdiYUhveEdZQjI3S1BiRUlvTHVPbWhQcXpnTnE1V25yM0hrWFd2dkZ0dGhQTmVQMEg0dm82LVpPSlNIZC1qNXpVUlVlajRxNkE?oc=5,Google News - Nguồn tin,"Sat, 23 Aug 2025 07:00:00 GMT",Trường Đại học Cửu Long công bố điểm chuẩn năm 2025  BÁO SÀI GÒN GIẢI PHÓNG
Trường Đại học Cửu Long mở rộng hướng đi trong hợp tác quốc tế - Laodong.vn,https://news.google.com/rss/articles/CBMiqgFBVV95cUxNRFZ0UFB1djZFYVB0QWxpZmhZYzFZUElER1hRTXF6d3loVmNDSVZLN1pzZHBQOHRUNkdDVldxdEFTTU93d0pSemVZdG5sUHUtVk9KNmM5T0tHeGc5N0Eyd0NUZkNZcWhpNEo3TVVXYnhQZjRJYlJDd09COGh6X0hsMG5SN2d1T0dmandNb05GR1hsTktYc1pwUXp5Sl96aksxdE5Dbko4T3FEZw?oc=5,Google News - Nguồn tin,"Fri, 19 Sep 2025 07:00:00 GMT",Trường Đại học Cửu Long mở rộng hướng đi trong hợp tác quốc tế  Laodong.vn
Trường Đại học Cửu Long tăng cường đào tạo nguồn nhân lực cho Lào - Báo Người Lao Động,https://news.google.com/rss/articles/CBMiqwFBVV95cUxNZEFadmFfTDNjTm5vWGJPZHJ0cjN5WlllcUdUUl9COU9DemdjMHF3SnVzUEJZa2FxNG9IQ2p5ZlA2Ump4bnk2ZVM5VVBPLU1nRjNscnRxMXhhX21SZF9FSjRqZzRrd2RzaVN3VFc4QUdobWVidUpqWjF3Rng3SnVBVVNqQ3dkbTA3QVFlZDB2clBPTmF2ZDRLR0daeVRkS1F4QmNjclRiV1FCUTQ?oc=5,Google News - Nguồn tin,"Tue, 24 Mar 2026 07:00:00 GMT",Trường Đại học Cửu Long tăng cường đào tạo nguồn nhân lực cho Lào  Báo Người Lao Động
Bác sĩ thú y Đại học Cửu Long: Cơ hội nghề rộng mở - Báo Nông nghiệp và Môi trường,https://news.google.com/rss/articles/CBMimAFBVV95cUxNZmt3TFdrXzI4bFdGREV6UU9PazZzMVJabmhxNHZ1QlNVODk4aVZnRXJ5dEdOQ1dXSUxmWmlyaDdtbTBybkg2US1VSFFPRXFoR3ZlTnM3WVc4OGFPRm1FaWlwSzNLQUJjcEpYcER4VE0wdFo0bFRFWmV1QXdMN1BzUnRTNVdEaGpyYkg3bVByOFE1MWdSekhUcg?oc=5,Google News - Nguồn tin,"Tue, 06 Jan 2026 08:00:00 GMT",Bác sĩ thú y Đại học Cửu Long: Cơ hội nghề rộng mở  Báo Nông nghiệp và Môi trường
Trường đại học Cửu Long trao học bổng toàn phần cho 32 sinh viên đồng bào dân tộc Khmer - Báo Nhân Dân điện tử,https://news.google.com/rss/articles/CBMivwFBVV95cUxOa2NhNmg1VllSMEpvMHcxcENwZS1lcHBocGc3TkV6ZDk0bnplOW1aUUVuclM0ZV94TGc0Xy1fcDFxOGFWcG1fOHV5NFNGXzFwelhMMlpzRExjRWczXzRVQ0E2OXpGYTdXNjBuLXp4TTEtVVJkdkZ1ZjhOSFM3d1NDTEFNaVRUSThBLVpZZE51djZ2RDFWZlVKTXFQa0hFSWxrNjlnUnBwLS1ZQ2pjWFpEVDdmaURpMUx2MTVSZ1J1bw?oc=5,Google News - Nguồn tin,"Mon, 20 Oct 2025 07:00:00 GMT",Trường đại học Cửu Long trao học bổng toàn phần cho 32 sinh viên đồng bào dân tộc Khmer  Báo Nhân Dân điện tử
Trường ĐH Cửu Long nhận Huân chương Lao động hạng Nhì dịp kỷ niệm 25 năm thành lập - Báo Người Lao Động,https://news.google.com/rss/articles/CBMiwgFBVV95cUxPWGJ4U1MyejZwRUZTUDNodVFzaVJ4YXZXdEtuMjZWWUFFMm5xQU1DZk1XNnBzT2dIOG5ZQXFvOXFpQ1pNV1JBSmN3WUNEYkYtb2lLMXhsU2FyRnE3eWNHWEUxb3dmRXo5Z1c5Y01PSWdURV9UTkhhR3YwUXNwME9tWm9ISERZNWpGelJKTmpXbDRLSUZLZEs3RTVmd216dWs0WWRGbl9iWjlxWnJRb2Y2ZFpiUm91cW1aSl9QLWpvSWl2dw?oc=5,Google News - Nguồn tin,"Sat, 18 Oct 2025 07:00:00 GMT",Trường ĐH Cửu Long nhận Huân chương Lao động hạng Nhì dịp kỷ niệm 25 năm thành lập  Báo Người Lao Động
"Đại học Cửu Long phối hợp tổ chức khám bệnh, cấp thuốc miễn phí cho gần 4.000 người dân - Báo Pháp Luật Việt Nam",https://news.google.com/rss/articles/CBMitAFBVV95cUxQY0MzLVJQVUpmRldHeHdmT0ZBczA0X3lxS3ljY3dBZHZDRjRZY0Jaem1Tbzl3YkpKSDNfYmp3WHpRR1I2QS1Bd3VVUFpjMlhmQUJ2blNvS3ktamR6M2tmZHpIa3dRTXM3YnlmSk1DdWQ3RVEtQ0FyLVRVd2hWUVF0aHE5ZzN3M25NQlZ5aWxibzljRGFIcUw1SzBLR3k0aURTRmNzWkU0SFI3d0JLMTVtMVpTR3k?oc=5,Google News - Nguồn tin,"Mon, 09 Mar 2026 07:00:00 GMT","Đại học Cửu Long phối hợp tổ chức khám bệnh, cấp thuốc miễn phí cho gần 4.000 người dân  Báo Pháp Luật Việt Nam"
Trường Đại học Cửu Long được ‘đặt hàng’ đào tạo nhân lực y tế - Báo Nông nghiệp và Môi trường,https://news.google.com/rss/articles/CBMipgFBVV95cUxPVUxvaXNDZm8taWpZUTdxMGRZWTl5MWkzTkh3bnRXckNSY200dEF3bHdZMExQQ3pRQi1qLUlEUVhydFhsbmFGbGVDNTRLNEthdTJlc1J1aEZvQjFjbzBYbWNxV0tibGdlTHBfNWNEZEtMd3RZTXFWNkhVeE4zV2hMUHZ6VjRSYnlRLVFLanhwREU3TUx2RlJDTXV6QzZnaWl5bE80ZjBR?oc=5,Google News - Nguồn tin,"Fri, 10 Apr 2026 09:32:04 GMT",Trường Đại học Cửu Long được ‘đặt hàng’ đào tạo nhân lực y tế  Báo Nông nghiệp và Môi trường
Trường Đại học Cửu Long: 25 năm tiên phong và khát vọng vươn tầm quốc tế - Báo Công an Nhân dân điện tử - Công an Nhân dân,https://news.google.com/rss/articles/CBMirgFBVV95cUxOM3ltX2hjM3BUQWFUV0s1VWd1dUI0cWxLdzJEMXBVbXVLSWdUU2xzczZ5c0dBVVdkbFp2ZlR0MW1aRGpUd01md2ExUWhxdHl6VVZlbldWcGdxNlVFM1ZYSXdfaVpRaEQ0eXJINU5TRXE3TkdKM1VyUjlzeVJjT2hLTVVVWE5kV3pra1RWTG9faWtwWWtQbGRsM1VIZFF6TEppQVNpMUlpTnZEaEtFMmfSAbMBQVVfeXFMTkVKZnFEY3hTVnNQWmJKOFVuUTJEWW9BcFFqLVQyaUw5OFYyODNPZ3UxZV9xRXlzSXNmYUhVcUpiZmw0Y1lfVVpCSUZxaVFOQkVGUlY4RHhYZ05jT1BvSHVSMUVIOFNvRzhNMUMwdG4tYlFOd2JXSVJGTkVra0dUWjlRcDJ0Ujd3VUJEZkpaNGVmYjVpc1NqUjJhWHJkUHAyY3YwUVFZbnhSckpCQzhnM2pjTUU?oc=5,Google News - Nguồn tin,"Fri, 17 Oct 2025 07:00:00 GMT",Trường Đại học Cửu Long: 25 năm tiên phong và khát vọng vươn tầm quốc tế - Báo Công an Nhân dân điện tử  Công an Nhân dân
224 học viên nhận bằng thạc sĩ tại Đại học Cửu Long - Laodong.vn,https://news.google.com/rss/articles/CBMimgFBVV95cUxQaWowQVhWZHZPaDQ0bW04VXNMSERPeUxlYUZlQnhWMjJvQU1MSV9UMHZyNzhzRVF5QThzR3VmQTRya1A0U1lFU0hRRXAxb1ctZjQ2dVFUNGt5VXBPSUVnNWZSaU85MDF6Tkc4WXRqRWc4WUxSbTh3aGxTSnNaRE1DVjA3a2tzSE5POUhuanpoQ0x2Qy1RTWJMaDlR?oc=5,Google News - Nguồn tin,"Sat, 25 Oct 2025 07:00:00 GMT",224 học viên nhận bằng thạc sĩ tại Đại học Cửu Long  Laodong.vn
Trường ĐH Cửu Long tổ chức hội nghị tổng kết hoạt động nghiên cứu khoa học - Báo Người Lao Động,https://news.google.com/rss/articles/CBMitwFBVV95cUxQWG14YldDdnBnNWJBcTBIYlI4ZE1wNThfdUZVRnBBMVpjQ0tMNWdtYU9oZWJyNnBKSkFlM3VXQ2VkRzlFOVh0MlBScWVfRjFWWXh5T00zN1VoRDlvSFMtS2g2NmU3dFZCWlE2b3YtTmlWX3BoRGdHdXViRERtazdKcVVRREh2cjBfVW5qVEt5UzJXRWJTaGhRZDdRSHhtaDd6ZTI1T21NeGZVQkx5UjlJY0t3TWY3M1E?oc=5,Google News - Nguồn tin,"Sat, 17 Jan 2026 08:00:00 GMT",Trường ĐH Cửu Long tổ chức hội nghị tổng kết hoạt động nghiên cứu khoa học  Báo Người Lao Động
Trường Đại học Cửu Long mở rộng hợp tác với đối tác ở Hàn Quốc - BÁO SÀI GÒN GIẢI PHÓNG,https://news.google.com/rss/articles/CBMipAFBVV95cUxNU1o3d0VXdS0tbS1uOWVuV1o4S24ybUJVNG1CeUZzX1U5aHpONXlEakp6VWpoT0c0NE1pbDhQRzFpMnkwZzRXX090MlliVDEwcnNieDFiclpsNEJ1LXl4S3R5R1E2azF2bmRucnduRnlrenVIUUJ5V2Q5dTlwamYyejhNVUo2MGRDOWhmdE5KRDd5VW15RG1nT1NPTkZMalBKV0ZvRw?oc=5,Google News - Nguồn tin,"Thu, 12 Mar 2026 07:00:00 GMT",Trường Đại học Cửu Long mở rộng hợp tác với đối tác ở Hàn Quốc  BÁO SÀI GÒN GIẢI PHÓNG
Hội nghị cộng tác viên Tạp chí Khoa học Đại học Cửu Long - Báo Người Lao Động,https://news.google.com/rss/articles/CBMinwFBVV95cUxQaG9lVUVSZUlvSWNqTVk5d2ZRd3dQbENSeWN2N25RRVVIak1XUFVKLUtDbXNXb0hSRHpRb25sbUhqVWJlZjNrS0NjSXlLRzRwWWtsV09qWnlfNkZqQi03dUZSSjUxYUw5RndoWUdveXlBSlpRUnAtR09xbnAzZXhOQl9Tdk5lQjhCa0ZNZXlEYXlIa3NCSEEtVzVLSXZPaFk?oc=5,Google News - Nguồn tin,"Fri, 30 Jan 2026 08:00:00 GMT",Hội nghị cộng tác viên Tạp chí Khoa học Đại học Cửu Long  Báo Người Lao Động
Video: Báo Dân trí và Trường Đại học Cửu Long chính thức ký kết hợp tác - Báo Dân trí,https://news.google.com/rss/articles/CBMiwAFBVV95cUxOdThnXzFJZE9mdXY0aG0yU2piR0dtZVdJZlMtdUtNVXllLTE4ay1idV9QeHpTU1BVd042T203bEdSN3JSbVh6SU5TSngteFRNNGJDWkZGTjV4aVBET1ZHSjZEa3Yxd08zaVNHY3d3NlVXalhNdmpoS1ZjaFFKczdZV0ZSV21iNy1qaHdLdWRBb2VNOXlIVi1oTjAzNHV0QTZ2U044OWtmNlY1Q2EwZi1hdDlDUEdfNnBYMWlaSWd4ZVo?oc=5,Google News - Nguồn tin,"Fri, 02 Jan 2026 08:00:00 GMT",Video: Báo Dân trí và Trường Đại học Cửu Long chính thức ký kết hợp tác  Báo Dân trí
Trường ĐH Cửu Long tái bổ nhiệm và bổ nhiệm mới 168 cán bộ lãnh đạo - Báo Người Lao Động,https://news.google.com/rss/articles/CBMirgFBVV95cUxPN1NPazAwOThsYlIwSHZETVdlOVN6dTR3TWZXRkJvRnV2TUlnVm1TbWc1WDZpZkgyZEVvRmV4czhnd3Z4dlFsNWVJUWw5RjJBSHVPNTZxSDBPNUlxMVBqLVhoVDVDM1g4YWpNMF9TX3lqRlg2WTVyQmNmMDRZZVFHUzVubmtTLW1jQjdEeTZNYVhBZWZQWWNoV2RQUV9jZVRIdHdnTUJUX1U0S2YwRHc?oc=5,Google News - Nguồn tin,"Thu, 29 Jan 2026 08:00:00 GMT",Trường ĐH Cửu Long tái bổ nhiệm và bổ nhiệm mới 168 cán bộ lãnh đạo  Báo Người Lao Động
Trường ĐH Cửu Long khai giảng năm học 2025-2026 các khóa đại học chính quy - Bao Vinh Long,https://news.google.com/rss/articles/CBMi2AFBVV95cUxQUWQ5aE42cEo2cTFNRExtVjFRNmtaU2I2MTdJMFNwcWNfRTlIUW9hLVhEb2VBWlB0Y29pRnBXWmxLWkRrVkJjN0V6TjZFOUVTclBQYm5QUnloMU9RU2c1bktDLTlndHRrcDNpbGt1ajNSOHA3OUZ4bjhVdi15NWN1STRGZGNIYzAyNS1rRGhGY0R2M2NIdENQeWtla2h6SlVzcVJIak5jZk16VEJlejY3SEhaMnlmbXdkajZyc1Z1ZXpUdmhJblBjQVBrb2cxV01sRnczRnROOUc?oc=5,Google News - Nguồn tin,"Mon, 20 Oct 2025 07:00:00 GMT",Trường ĐH Cửu Long khai giảng năm học 2025-2026 các khóa đại học chính quy  Bao Vinh Long
Trường đại học Cửu Long xét tuyển bổ sung hệ Đại học chính quy năm 2025 - Báo Thanh Niên,https://news.google.com/rss/articles/CBMitgFBVV95cUxOekN6d1lFSmQzellhZEN5MjQzMnBUTjZ4WThMTWNoNWRxZzNGYlpjZDZpdlMybVROdDRKT0xfU2NrczFXTmU0ZVl0RWR1RUFQZUJQVzdwODBmRVNBaHZEMEgwWjFkWEt4cmhSVXRlbnFkWWRsTVFFcktER3dIM0VHRS00TXB4WFQ2enJVc3Zpa3Iwb21EdGJGVUhkejM5YnVKdFVvdzFGZVJ3N0tHd3B4RlNURGlMdw?oc=5,Google News - Nguồn tin,"Thu, 04 Sep 2025 07:00:00 GMT",Trường đại học Cửu Long xét tuyển bổ sung hệ Đại học chính quy năm 2025  Báo Thanh Niên
Trường Đại học Cửu Long trao hơn 170 triệu đồng hỗ trợ bà con tỉnh Đắk Lắk - Bao Vinh Long,https://news.google.com/rss/articles/CBMiwgFBVV95cUxNNGVQS0JKbUI4blhibzlkTEdyVW5wTFo1ZGxuNjlFajlJb0tTdURneHAzNFFiNXhaVWZlWjNmNnJJZk12Z2ctVG82X19IZGJkMkJUdmtoaFBOSzh2TGRQUzUxT003U1dhdlUyV3FVZ0VHUnB2MXByb0RTeFlaYllWUUZ3dE1fb3dSRVUtOVZVZkx3bmZud0FLLU4tWkdla2Z4Ynp3aWhHdDhQeWo3b1BDTTdDSENvMU5YZlVJb1FCUmpvUQ?oc=5,Google News - Nguồn tin,"Tue, 30 Dec 2025 08:00:00 GMT",Trường Đại học Cửu Long trao hơn 170 triệu đồng hỗ trợ bà con tỉnh Đắk Lắk  Bao Vinh Long
Trường Đại học Cửu Long làm việc với Công ty Cổ phần Nhân lực Quốc tế Thái Bình Dương - Báo Người Lao Động,https://news.google.com/rss/articles/CBMixAFBVV95cUxOam50N1k2TVlZRHcwS0ZVWnhCcFFMVVRXajliZnB4bUF6Q1JTRWwwelNuYS1YWHNJcUs2aTRFdUcxMzl6OFl6ZEhadXRtRWVYMUpPdV9tVEdLUG8yRWdUT1h4TVhNLUh0YU8tX2xmWVhXRTFwcl9KMlJYRm5MaEFDUWpZOUQ5eUwzMWw4N2VKMTFxcExkX1ZRMGxyRHBRaE1pRFhaU3lvUmJacHhpVkQ0UFE3bWktY0s5UC1hbzhZWFd6ckE4?oc=5,Google News - Nguồn tin,"Fri, 26 Dec 2025 08:00:00 GMT",Trường Đại học Cửu Long làm việc với Công ty Cổ phần Nhân lực Quốc tế Thái Bình Dương  Báo Người Lao Động
Trường Đại học Cửu Long lì xì cho lưu học sinh dịp Tết Bính Ngọ 2026 - Báo Người Lao Động,https://news.google.com/rss/articles/CBMirwFBVV95cUxQRXh6MlotRzVsZUpiQjBPcjctdkxqWFRnRTB6ZmJILXFYUTZ0TllfamRhU2N0ZlJlRWltX3N2QjRHSG9Yak1jZFA4R1lQSnAxNV9kbWJhcnVnRjNLWGhHb2VXbzZCVWVaU0taSXJ0dGdYOUlDbzdtQXFTU1VBSi1KLURla2EzanJpMGdBRnNLajJPYVFLYndfbzZlZGJINm1ud1l6UEJUbEo1UGNXRDdN?oc=5,Google News - Nguồn tin,"Thu, 12 Feb 2026 08:00:00 GMT",Trường Đại học Cửu Long lì xì cho lưu học sinh dịp Tết Bính Ngọ 2026  Báo Người Lao Động
Trường Đại học Cửu Long ký hợp tác với Viện Pasteur TPHCM - Báo Người Lao Động,https://news.google.com/rss/articles/CBMinwFBVV95cUxQUE1iTWxiOUdUbEFEa2hNTFowcWRibExHZDhxckZCNUZvazZMRHVIY0M5TzlBOS1udElmY04tUDI4NGpmYnhGTEs1cTFEUlBoSk9XTVNzQVlUV3RRYkg2OFUwZjhicGlPSGlFVS1hY0tJQVhqdFNZUTdpQWN6blNtbFlzQjE2bXA5VjNxOENFVW5SV1g2ZWk3d2FTWXRwX2M?oc=5,Google News - Nguồn tin,"Tue, 06 Jan 2026 08:00:00 GMT",Trường Đại học Cửu Long ký hợp tác với Viện Pasteur TPHCM  Báo Người Lao Động
Toàn cảnh buổi ký kết hợp tác giữa báo Dân trí và Trường Đại học Cửu Long - Báo Dân trí,https://news.google.com/rss/articles/CBMixAFBVV95cUxQaTh2MHRaMHdXYV96dG5UMjV4SXBTak05OVJnN1VtMEM0WUJmYlhoREVSSERjNGRGVEtOTzRzeXdSYThOaXcxTnNXbFRMWFhzeWRPbFhGNmJyZk9YMG45a3kycHVNX2RlcHRwY042YkN2X0RpT0FYbFpvRjB6ZHVPYVdONW1sa1dURkhOVUNDSjRvWWNtMkl1dVNSMllmV20yS1BDTEl4bDV6QnFRRi0xVDNEdGhfSmZyZDhQS1FwN25ockVo?oc=5,Google News - Nguồn tin,"Fri, 02 Jan 2026 08:00:00 GMT",Toàn cảnh buổi ký kết hợp tác giữa báo Dân trí và Trường Đại học Cửu Long  Báo Dân trí
Trường Đại học Cửu Long và Viện Pasteur TP.HCM ký kết hợp tác trong đào tạo và nghiên cứu khoa học - khoahocphothong.vn,https://news.google.com/rss/articles/CBMi0wFBVV95cUxNOFVnNEI1ZE1NUXZSTXkyLUxfYkd3YW9udGNlYkc0UDZoR1F0QkNVNlppanFHYmlXOWlNaEx6Z2FPemFPeExPMG13Ni1lZjVXNzkzMXkzb2p6bHZwZzcwNGVtbm5fU2c2MjQ0VHFvWUJOVDF2Ym5PNExrallBR3NRY0VjRTh4UkhubEU5bjhQYzBqNmlUM2MwOEZEalRQa0RXdFJWdXVrTEZyRXNDN0VKcGRCVjk0SHJOck1VZXhGMmNFMVRrSXhXWEpWaHI3dWcxNDFj?oc=5,Google News - Nguồn tin,"Tue, 06 Jan 2026 08:00:00 GMT",Trường Đại học Cửu Long và Viện Pasteur TP.HCM ký kết hợp tác trong đào tạo và nghiên cứu khoa học  khoahocphothong.vn
Điểm sàn Trường Đại học Cửu Long năm 2025 - xaydungchinhsach.chinhphu.vn,https://news.google.com/rss/articles/CBMiowFBVV95cUxPcGsxdU1mSjNkYnN1OU5UM3dDMXo4QmtCRFFpMUJJcm10VmZfMjhMSTdJM2VMd2pwRVVXRi1ybTdKblBWX055YUxjZEdqTEdhTVI4V3F0WGc2SkNqcHVzU0tPejBkQnR4VnB3a3hkbGRCVjhjOFR3bWRrbDhfMER4cjM2bzNSWEJLaE5ZLWJpWUJVTjFXaUNkb3B3dVBYaFduTWhB?oc=5,Google News - Nguồn tin,"Sun, 27 Jul 2025 07:00:00 GMT",Điểm sàn Trường Đại học Cửu Long năm 2025  xaydungchinhsach.chinhphu.vn
"Giai đoạn 2022-2025, Tạp chí khoa học ĐH Cửu Long đăng tải 228 bài báo khoa học - Báo Giáo dục và Thời đại Online",https://news.google.com/rss/articles/CBMivAFBVV95cUxOczJSM3pUUWY3T0VVNkFoWU9EWTFETWFDdEJGb1pIbVRkMzhybmJRc2JoQ2pQSFlCN1FnZ01ObXBQSDhPcnh6OS1fVXRRVW8yUUNHMkdwYU1UbnFpV3B5OWFZZlgyU0RVVXI4TU1Ob19hRkp3YXlnQjVoZEFDbDJOMG91TS16ekc2dnB2LXJCT3gwazJfd3dzYVBXME44ZUhrandLR0swcWJWbFdRaVpoR1diLW5qZWFrcE5qRg?oc=5,Google News - Nguồn tin,"Fri, 30 Jan 2026 08:00:00 GMT","Giai đoạn 2022-2025, Tạp chí khoa học ĐH Cửu Long đăng tải 228 bài báo khoa học  Báo Giáo dục và Thời đại Online"
Trường Đại học Cửu Long công bố điểm chuẩn năm 2025 - Giáo dục Việt Nam,https://news.google.com/rss/articles/CBMikgFBVV95cUxNYUs3Nnh2ejZkcHZwZGJPc2Z2YVF2dER0b0w2MDFlVTJIZTFISlQ1LXdBZy1xWXNaVGNjVXl3N0FSV2Vfdzh4NUdKTEtRVHpIMHpXd1VDc1dXZXg5eHQ0cklhdHExUnkxbDZyVk5rWTBXb0tGRkRnVGRLeTB1R2pta0xaOTlvZlVRVWxFQnl0Y01rdw?oc=5,Google News - Nguồn tin,"Fri, 22 Aug 2025 07:00:00 GMT",Trường Đại học Cửu Long công bố điểm chuẩn năm 2025  Giáo dục Việt Nam
Người dân ở Đắk Lắk xúc động vì nghĩa cử đẹp của Trường Đại học Cửu Long - Báo Người Lao Động,https://news.google.com/rss/articles/CBMitAFBVV95cUxOX3BsdUpEU2VFSUZpcW9SZlFCSUpjZmRSdFpXVmZ4Zm9QTW5lOEppTXlKdDdQMHBsOWNQYzQwdWJPbFp1ekhESFVUcVA4aXZEbWxvWWctWEZuWG5jT3hVNm5od2VoSGVGby1LcUpvdVZGc2xucVQ3YlVsTnhad2JyS0Q1TkFlOWdDQUdkTE01SS1aaWNKSjd6bHFVbFpvWTAyb3p3TTJLMlV0eU5Yd1pENV9kWWo?oc=5,Google News - Nguồn tin,"Tue, 30 Dec 2025 08:00:00 GMT",Người dân ở Đắk Lắk xúc động vì nghĩa cử đẹp của Trường Đại học Cửu Long  Báo Người Lao Động
Trường Đại học Cửu Long hợp tác với Viện Pasteur TP Hồ Chí Minh - Báo Công an Nhân dân điện tử - Công an Nhân dân,https://news.google.com/rss/articles/CBMiowFBVV95cUxPTEtBWExuTEo4TkROWl9hRzlGNDFkMmhCdnNWa21sT2RfRG1jOWFNbUNQaFNrRFlaVHgtVmRFazEtcG9zZ3hsYnRQSmZaaDF3WTNMenZPT0FFSEhBRXBQMGZDbmlMZ3JqQVViRjVnTVl0ampqbDcxNXMzNUJ3SGtMSHNHR1FvTGhhWDFScF91ZjU4UnRtU0JYUGpELXBCV090Yk8w0gGoAUFVX3lxTE5lcF92Tk1veERLT3VvSXZ5MmVkVFVlOHlucmZXQ2F2ZXl1YmZHT0t5bGREaXpKQzhpazU0cXloSUxJcjdUcVRVTVJtajNqNzVGN0RRaEVaX0NhZVh6azRoU1N4dFlaVVozUnlwRWNFdmpndE5GNnJGR3dQT1hHaXJQT2RRVTdqSUhzWmk3cmc0ZFl2WUdlQ1NVSTZ4Y0xBT0p4dkc5YjZISw?oc=5,Google News - Nguồn tin,"Tue, 06 Jan 2026 08:00:00 GMT",Trường Đại học Cửu Long hợp tác với Viện Pasteur TP Hồ Chí Minh - Báo Công an Nhân dân điện tử  Công an Nhân dân
Trường Đại học Cửu Long khẳng định chất lượng trong đào tạo nguồn nhân lực - Báo Công an Nhân dân điện tử - Công an Nhân dân,https://news.google.com/rss/articles/CBMisgFBVV95cUxPWEJFc1RpMk9fbmhlcHBvNksxdEJkcTI5a09QbGF4MDY3R3l3QUptVVBPSnpvTG9oVVBNRGRuZ2FaWm1ieFRvYTVrM1ZBbExySEk4X2ZuTHkwVHR6UXloT2tBcmJhTndEYU9aVnp1dlVWdGhodUlySkZrY0lwcXI0Z0U2YkhtQjJWVjFuY01GUzlOVUZ0MzR0NFZCekJ5bGc3bG9tbVZhQk5rN3FwNDNad3dn0gG3AUFVX3lxTE5qSHN2dlVBSG9HQTUweXJFaDEwSW9zLTd5ckxpRGdkYlVaeE5EdEcyZE5iWmlmWUNoeFNPRGZLWXVzOGp0em1oWGd2Qk1pV2RwMkJVRXpLLWxBS0Z6S0M4NHlSNzFZOG9aVF9mRWJxOGFndy1WVjQ1RU1sekhpc3RnSTRKV1NlRDJ2RzFGTzFzUFE1S3RLT1EtMGpHSE5YOVZxMjk2bC14RzBkaDhsU3cyX1k3U1FtYw?oc=5,Google News - Nguồn tin,"Tue, 07 Oct 2025 07:00:00 GMT",Trường Đại học Cửu Long khẳng định chất lượng trong đào tạo nguồn nhân lực - Báo Công an Nhân dân điện tử  Công an Nhân dân
Trường Đại học Cửu Long: Khẳng định thương hiệu giáo dục chất lượng cao - Báo Công an Nhân dân điện tử - Công an Nhân dân,https://news.google.com/rss/articles/CBMirAFBVV95cUxOWUxYVFBwelJ0NjdPU2xNMFQ1a2pUd0s5akNVbUtWNDYwMV9qZWYwOTRRZDNIUUNXOHFRd2FsaURsUTdibGN6YmRuQzFCWFJicHFjeXdqa2FjbzVZaEVyQ0JmM05hMlN6c0thZzdPSHdvT3VRNlNtRzExWnk3UkNYdE5NNzlMMFB6ZjluQUd3ckdlWVRuX05MTERTdzZKalhJTklCR1ZMYUhsNmo10gGyAUFVX3lxTE9jT0JQX2cwUlF3clNIc2MtM1JVbjNsUjdUUzdHSE1IUmVhVlVibzYzUDRuay1fWG9peEFlTHl4elZtNnhiYWpsU3libkY2aW5DZ2pILWhJUC0tUXN2MG9MVERSdlZNdnAxbmoxVjE3UVZQaXRmbmtVLUplb0FhM2dGdHBDal9TVDltV1Fnb0JfNzJQMkFsdGJpYnV4cnRuOVdQazNZWFpNWGJUN2NjclFSZVE?oc=5,Google News - Nguồn tin,"Fri, 22 Aug 2025 07:00:00 GMT",Trường Đại học Cửu Long: Khẳng định thương hiệu giáo dục chất lượng cao - Báo Công an Nhân dân điện tử  Công an Nhân dân
"Ngôi trường chi gần 10 tỷ đồng để giảng viên, sinh viên nghiên cứu khoa học - Báo Dân trí",https://news.google.com/rss/articles/CBMixgFBVV95cUxOUjBCZTZId0l5NWl2dG9FU3VQODZBQ0FFRVRocWdxek9yYUpsMVpoU3ZSLU5xeGs3S0tkWEJ1aTljcEdTeWFRaEFlNFhsY0pwNkdVZFhvaUZ3SURMRTVqbklIZld3YllkWmJqVXNyLTZJNDZzVHdUNk9JQjZCMGxkLWotNFZ6bUp1TXB6blJPclN4TWRhNjlhQTViYVFRcklpSHgzZGtRRFhqZnRLRHBhM3U3cDF1eDk0UGlhQkRDb25ib1RHZUE?oc=5,Google News - Nguồn tin,"Sun, 18 Jan 2026 08:00:00 GMT","Ngôi trường chi gần 10 tỷ đồng để giảng viên, sinh viên nghiên cứu khoa học  Báo Dân trí"
Trường Đại học Cửu Long trao bằng tốt nghiệp cho 584 sinh viên hệ từ xa - Laodong.vn,https://news.google.com/rss/articles/CBMitAFBVV95cUxQMVgweGpnNUdWVHAwQ0pwMGxJTkNrR0FnYlVOdlhZMFJqTWZ0MFFycVpUeVdtTnd3cjdLOGhKSXNCdTNYMTAxRDhIcWVoMUNzeTUwQ3UxYndQRkVjLUVqakFId0Y2eW1QeGYzS3JvdzFFcVpRWWpzc1AwMThzbmpEalhzbzNFcTlaNVNBeW0zSWJSRm95X2ZIRzlSOFcwemNXOTBmYnNQS2NXRDEwRE42MnJGT0U?oc=5,Google News - Nguồn tin,"Sat, 16 Aug 2025 07:00:00 GMT",Trường Đại học Cửu Long trao bằng tốt nghiệp cho 584 sinh viên hệ từ xa  Laodong.vn
PGS.TS Lương Minh Cừ - Hiệu trưởng Trường ĐH Cửu Long: 'Chọn ngành có ảnh hưởng nhưng không quyết định con đường trở thành Hiệu trưởng' - khoahocphothong.vn,https://news.google.com/rss/articles/CBMi_gFBVV95cUxQbEZ3RVAwcENCbEJzM2FNVExZRTVraWU2azRkVlMxLVN1MnVhVFdxWHhBQzU2M1JuVkxYa29TT3JHbU1YWUNaY3EtclVHQUhtX2g3YUMzMjFKZExldWR5aUYzM3g0QnNHRlliaVBOOVBUMWd5UnRqUmUydW5ZUDhWTXJxcW1LNncxY2pXLTlRQ256OFRQeUZUWFR2UkdpT1lVaWkzU0hGaE5ETjZ1RkNLenlUUFlmTzhXQTd3U0hpZTFCT3Vmd0phbGFZS05INjJDUFZmMnQ5VzUza1pMZC0wM0xDTU9qWGM2eFRKTVQtUDRIZGxOYkRjVnIxcTFRQQ?oc=5,Google News - Nguồn tin,"Mon, 13 Apr 2026 07:00:00 GMT",PGS.TS Lương Minh Cừ - Hiệu trưởng Trường ĐH Cửu Long: 'Chọn ngành có ảnh hưởng nhưng không quyết định con đường trở thành Hiệu trưởng'  khoahocphothong.vn
Một trường đại học ở miền Tây hỗ trợ 10 tỉ đồng cho sinh viên nghiên cứu khoa học - Báo Tuổi Trẻ,https://news.google.com/rss/articles/CBMivwFBVV95cUxQWVBGTVQ2NVQ2M3pBWmJZbUh1eEtDcGpidUpYMmtwWE9FaW5Qcm1vemdYeDdOX1FSbzQzOGMwVVJTMEp4MEc1SlNLVm40LVVtUUZiT2J4QldzVDVEOXU3RE80RVpjSVNtdkF4Vkc3RllkRExZb1YycFZ0S3NKZ2JkT0hISzZEaXF0d24xb3ZTWkFuaFFJdDd5T1dQNGxuejZMMmVOaWZSb0xhdHBqM3pUWF9wYUJXMzhvcDBlNUl5dw?oc=5,Google News - Nguồn tin,"Sat, 17 Jan 2026 08:00:00 GMT",Một trường đại học ở miền Tây hỗ trợ 10 tỉ đồng cho sinh viên nghiên cứu khoa học  Báo Tuổi Trẻ
Đồng chí Thái Thị Hiền tái đắc cử Chủ tịch Hội Sinh viên Trường Đại học Cửu Long - Báo Người Lao Động,https://news.google.com/rss/articles/CBMivwFBVV95cUxQYUF1ZGFkUlMxeEdqUDk4Y3JQTmhVQzZlVnFic0pVTzRFenh0N0d2WFg3ZW1OelZZSmJvSERQSjVZeHRINE5qZmVOVmQyVDY1R1FpbzVMUXZjN0Qtb3pFM0dfeE9sUnlmdnhqSHNHWlZOZWJyWlFCdmJRYUZ3UnF5OEl5M1c4ckdoVktjNnBmcWRZQUtZZmQ5NUxNYWoyU25zWjlBVlI0d01OSWxEWl81UElFejFWUXY5ak5FUFdxNA?oc=5,Google News - Nguồn tin,"Sat, 13 Dec 2025 08:00:00 GMT",Đồng chí Thái Thị Hiền tái đắc cử Chủ tịch Hội Sinh viên Trường Đại học Cửu Long  Báo Người Lao Động
"Báo GD&TĐ, Sở GD&ĐT Vĩnh Long và Trường ĐH Cửu Long hướng nghiệp cho hàng nghìn HS - Giáo dục Thủ đô",https://news.google.com/rss/articles/CBMizAFBVV95cUxQQXdDZGVNMkdtajlzR0tmRmtMSkh1dDNNZWpLVDE1S0tWaGh3aEV4YTVEVEhhc2p4bWVXa1R2UlBMZTkwOVZXYUNBOW1FVEs4Rk9RbDRxY0dwbnJwQXRjbUljWFNhaHFTbGkyWFFFd2lYV2RLTFYtUnEtX0hiczZWNkJNZHRrUEdQMjBSN0lpX1J0T09ueC1LWU1VYlQybDduc0xEcnRtWGdqUmpBYW93TndqcFR1TUxRZkgxQ0NVUEpNckZURjdIYzNhSXc?oc=5,Google News - Nguồn tin,"Sat, 11 Apr 2026 07:00:00 GMT","Báo GD&TĐ, Sở GD&ĐT Vĩnh Long và Trường ĐH Cửu Long hướng nghiệp cho hàng nghìn HS  Giáo dục Thủ đô"
Trường Đại học Cửu Long: Kiến tạo vị thế trong hệ sinh thái giáo dục toàn cầu - Báo Công an Thành Phố Hồ Chí Minh,https://news.google.com/rss/articles/CBMiuAFBVV95cUxPRF9XQV9WeGl3ZXJsT3JmVnVOck9ReEYybDZTZlNzc0tKY3VaRTBSV2ctSV9KUjl3ZXRGRERfeXJpYmkyY1VVcS1lWk1hcFpPUkZpWEdWNjQwaUd4aFdUczVkaUZFWUJLSXBLdXR3V3ozc3NHTW9CMGZsbGtoSmhHZlRIN0J0ZGhCcmtfb1ctRTljVzRCS0JjbENDdTNYN3J4S2YzWDJCZUdJWkVRdi1jcEc3eXR2aEVW?oc=5,Google News - Nguồn tin,"Sat, 20 Sep 2025 07:00:00 GMT",Trường Đại học Cửu Long: Kiến tạo vị thế trong hệ sinh thái giáo dục toàn cầu  Báo Công an Thành Phố Hồ Chí Minh
"Trường ĐH Cửu Long khen thưởng và trao học bổng, miễm giảm học phí cho tân sinh viên khóa 26 gần 9,8 tỷ đồng - Bao Vinh Long",https://news.google.com/rss/articles/CBMi6wFBVV95cUxOenpILTBDVDh6ZHRHak5vQ3RHdFBVVldNeEk0RGRUbG9BTjBjMmpJVVV0dVE1LVlxM0QxY0dVcDRFaHAyQV9lX09QR3ljN00xczZZaVl0UjBjMVhFU19DcUxfRDBDZ2VuUmU5TWxJRkUtR2szcXkzNkpsSW0zYTdQVF84cWZpUFdPR214UVJwUElWdENGY2c2NjhfazVoczVEdzZxWWtqZjViYlptWm9RSmRwUzFNeFE1RXJTYktMOE1sOHExZGNIWHlsVEZadHdsaDNMMm5rdFhnYzFnTWZfWWlCbjhicEVkRmNv?oc=5,Google News - Nguồn tin,"Tue, 21 Oct 2025 07:00:00 GMT","Trường ĐH Cửu Long khen thưởng và trao học bổng, miễm giảm học phí cho tân sinh viên khóa 26 gần 9,8 tỷ đồng  Bao Vinh Long"
TPHCM hướng dẫn ôn thi tốt nghiệp THPT 2026 cho giáo dục thường xuyên - Laodong.vn,https://news.google.com/rss/articles/CBMisgFBVV95cUxPeXZzVm1ZbUxGTnNkVlBVb3FhSlJINEJMV21mY21nMzlPa2lVY0xZX2xYMUZIUHd3OVhVMWNPeUNTYndOZ3doVERvUEhUNklMaFR3OE8ybGVJVldHcVQxWUlnUTctblM5c2s0eGwtZ1lRRUIwX3F5a20yRmtheXlacW5kVDRDanliS2hseVpRbXRvRkl2R2J4Q3IwakV2QTRSRWQtcE1LX2J6cTJSSGJXQjJn?oc=5,Google News - Nguồn tin,"Tue, 28 Apr 2026 07:37:33 GMT",TPHCM hướng dẫn ôn thi tốt nghiệp THPT 2026 cho giáo dục thường xuyên  Laodong.vn
,,,,
Trường ĐH Cửu Long khai giảng lớp đào tạo Tiếng Việt cho người nước ngoài - Báo Giáo dục và Thời đại Online,https://news.google.com/rss/articles/CBMitgFBVV95cUxNYWs1M3draW9xS3piQVktSGE3MFJRS2gwdW9ZdnVrc190SEFKSkp1VlQwNUZaZ2l0c2xLRHdsaTBIM0l6Mm1pT3I1NXAwZjdvaDdLV3FIRVFzZEZWN241cEE5Tll5QVNqd3EzTThTM3ZWbDhsdE1LWFhaczRTenFCNExJTzlWMURnNkMzN0huTnhRSFU3akdsOWhvaGhtLTFGT3pGUjEtbjdud0FZM3NnNDBMdVNjQQ?oc=5,Google News - Nguồn tin,"Sun, 26 Apr 2026 08:45:29 GMT",Trường ĐH Cửu Long khai giảng lớp đào tạo Tiếng Việt cho người nước ngoài  Báo Giáo dục và Thời đại Online
"Mô hình đào tạo theo ""đặt hàng"" tại Trường Đại học Cửu Long - Báo Người Lao Động",https://news.google.com/rss/articles/CBMioAFBVV95cUxPcGtZZHhUSncyUm52TmJ4c2tua3lPMVpEUExBc2cxYWN5VXJyaUY0LW5ReDJlUGxHRWRwOUJMQ3hIN0VRQkxvUDlmclctdlQwdGxhSXlwNFpaeXNMSm42aW1Uemt4bEJQMEJHNU1SeHNpWko1RGtodjFkbTY3SFJGcnhhVFAxSU9WYmRLZEpQeVcyalBOSml2SGhoMXlpVnFX?oc=5,Google News - Nguồn tin,"Mon, 04 May 2026 01:31:00 GMT","Mô hình đào tạo theo ""đặt hàng"" tại Trường Đại học Cửu Long  Báo Người Lao Động"
Ấm áp Tết Chôl Chnăm Thmây và Tết Bun Pi May tại Trường Đại học Cửu Long - Báo Người Lao Động,https://news.google.com/rss/articles/CBMitAFBVV95cUxPaG13QUg3bkx0MFJuMnRXU1BDZk9iY1RmLXpaMHAxT25aaEwzSGdKZ2VIWmgwQ3hjU0p4emdtNWxiWHc3ZDNZdGJvRWhCMTdhbmI4VHVUa3VBQnlvM3FCTDhTZVdTQ3FQd0xiblhmaXg4akVPMFRLQ01mN0tLUWlna3FGejV0RkxPZWpzeXNkYmJHUjUtWXhHUW9XeW5YcnBreXROM1otcG44TlN4MncyX01sRFI?oc=5,Google News - Nguồn tin,"Tue, 14 Apr 2026 07:00:00 GMT",Ấm áp Tết Chôl Chnăm Thmây và Tết Bun Pi May tại Trường Đại học Cửu Long  Báo Người Lao Động
Rộn ràng tết Chôl Chnăm Thmây tại Trường Đại học Cửu Long - Giáo dục Thủ đô,https://news.google.com/rss/articles/CBMirAFBVV95cUxOWFEtVHVmUnBpd25YZS0zeUVfeG9iaEQ4bGctZVRWSUZmWHczRFRjTTZiWGpSN0t6aGVfSGFHaWlBblk0cl9SbmNHTlpFTlpiMzZjR2lHdXBBcng0M0RTM29DemFoa3BWT09xc09NX2Y1bV9RTkFHRlhKTkpyMmVTVFB3Z2FISThtdUs5MG5WQnZOQmVHZWFmdnplT3hucW1pZVI4MUo0UDBBM1F3?oc=5,Google News - Nguồn tin,"Tue, 14 Apr 2026 13:26:01 GMT",Rộn ràng tết Chôl Chnăm Thmây tại Trường Đại học Cửu Long  Giáo dục Thủ đô
Trường ĐH Cửu Long đẩy mạnh hợp tác với Trường Đại học Y tế Sức khỏe Tokyo - Giáo dục Thủ đô,https://news.google.com/rss/articles/CBMiwwFBVV95cUxPQ1FQV29BQmhVTURNU1JnTGg3VHZqQUNVUlh4SE1UTnhwdjVvZG5xME81SWw3aXdnbE84VDY2Zk5EUUt3NUJuV2l1V0pmSHJKaTN4RVdpSFN5RGk2aTVtNGkzd1Blc3FKX3hnSExGc2J0YnR3VnZQVXpJLUlRaVc0SDRRNVhDYm4wMkstUXZJRFZOdjlteDhRQTZCTnpLOGxOQVRDV1E3bjZNUk5DYkdmc2IwV003WnZqWk90SVBXbklxWFU?oc=5,Google News - Nguồn tin,"Sat, 18 Apr 2026 06:02:01 GMT",Trường ĐH Cửu Long đẩy mạnh hợp tác với Trường Đại học Y tế Sức khỏe Tokyo  Giáo dục Thủ đô
"Trường Đại học Cửu Long khai giảng Khóa 26, đón hơn 3.000 tân sinh viên - Laodong.vn",https://news.google.com/rss/articles/CBMisgFBVV95cUxNdWNiT3FmNjh2LXNfbGU1MGIxcWZDUjIzdk1FeDNadjFMYW8tcVd4QmEzcEFyTXczVGhOTnl3ZkdsV1pMOTdoQnlDZWlWZVZmQUxlN05OazNsS0lsSWhoSm1yb045Y05HbDh4Q3UwMC1pbVpEZ0ltUGtZNE9aQld0RnhheXlVRTZRQlkwUm94ZkN1SkxhdTk1OFhMd3RFUDhMS3dJLURIbTJnd3JvcV80ZWdR?oc=5,Google News - Nguồn tin,"Tue, 21 Oct 2025 07:00:00 GMT","Trường Đại học Cửu Long khai giảng Khóa 26, đón hơn 3.000 tân sinh viên  Laodong.vn"
Đại học Cửu Long xét bổ sung năm 2025 - Tuyensinh247.com,https://news.google.com/rss/articles/CBMiiAFBVV95cUxNTmNDWTRuTVNDc1hCR0lRTU9pU2ZZbE9OaDhMNG1tRnpHN0dIUDZWR2F3Y0VabTh3a2UzYkpPQmJlRWFReF83RkpMdFkxdkhLck5LSGk2YkZJR1d0U2NfcG1TcnN4MURMZW41azNuS1FlcE9fYlpzbVFheXhQTi0tbG8tZEZBT3dX?oc=5,Google News - Nguồn tin,"Thu, 04 Sep 2025 09:26:17 GMT",Đại học Cửu Long xét bổ sung năm 2025  Tuyensinh247.com
"Khám bệnh, cấp thuốc miễn phí cho gần 4.000 người dân Vĩnh Long và vùng lân cận - chinhsachcuocsong.vnanet.vn",https://news.google.com/rss/articles/CBMiwgFBVV95cUxPZklHLTk1TGRSeUFNbUpuZ29XOXpPX09Gc3RmLWtPdVFad1JMYzJEc05uTi1SZGRfeFdCZllzTFV6Z1p3N2VxV1NEN1Myak5TM25OYzZjVU9IZ3BiLVpsSTRiaVhwdjdFTVJuSi12SmdTWTRxbEVHbjR5cVpfNHdxZ0thTDhXUDFqaGY0NDRtcW1qZTBpdnUzMW5TME1uVzhOWkJuekJZVEFMQ20wOWE3bDNBVi1Sam1pZldlcWtnSGpiZw?oc=5,Google News - Nguồn tin,"Sun, 08 Mar 2026 08:00:00 GMT","Khám bệnh, cấp thuốc miễn phí cho gần 4.000 người dân Vĩnh Long và vùng lân cận  chinhsachcuocsong.vnanet.vn"
"Hành trình 25 năm kiến tạo tri thức, xây dựng vị thế của trường Đại học Cửu Long - Báo Công an Thành Phố Hồ Chí Minh",https://news.google.com/rss/articles/CBMi4wFBVV95cUxPYTVZaHBBMUNiLU5heHhISllZaHV6azlLc3h3VHJJdDgyM1JXVU94R3ROc1FsRS00UlJYV09pUkNNYVdMSUIxeXF2cjNTMmc3US05czBGdDhfWHZBc0tEaVhadlVtZ1BOVHVmUGlDSTRvTVJiTmF3dHgyYzNZbktYb1RKRkNLa1k4NHplYWY5MDluZFFZSnVpczlTSUVPMVZxZEN0dDFNRnJidUJVYUlzNFgxakFZR19mYVl1TFpDTl9QRjE2b1h0Wmc0dFN3TG4yaTRiSFBfc1JGdVpBamRSbFdiSQ?oc=5,Google News - Nguồn tin,"Sun, 19 Oct 2025 07:00:00 GMT","Hành trình 25 năm kiến tạo tri thức, xây dựng vị thế của trường Đại học Cửu Long  Báo Công an Thành Phố Hồ Chí Minh"
"Trường Đại học Cửu Long trao bằng tốt nghiệp cho 227 tân kỹ sư, dược sĩ - Báo Công an Nhân dân điện tử - Công an Nhân dân",https://news.google.com/rss/articles/CBMirAFBVV95cUxOd1FEVWR3ZHVwQ19SMlhxRWIweDNudUtxcnZ5S3FQRDhVaklZVVV6NkVfTkd1MjhtNS1zU1dxRWtMZGdhM2VKcFEwVFpNbjk1RmR3ZTh3SmFUNGl5Z09IY181WmdNS2VsRi00MU9RXzJpblptWVZDUndrRXktTVgwc2pOZmxTbEVGWHZuWjRTeUNHQjZpdDYyN3Z3UTNSRk5SNGV3VUlRN1NSb05S0gGyAUFVX3lxTFBFRWludTYtdTN5WFVIUThnRndYeW5pVUVKUks3bjZac3JjLXBIbS1xWXRLLVY0ZFdJcHZFX094dS1Fb2tHQ1VkbG9QSmRFdEZlLUhNQ0JFblg3dUcwQTVMNGN4Sld1dGNMUU9idnRxMXJvTExPVEl6S0JOYjQ4S0NmVzB4WlU1ZEdyUXVXLXU4SF9NY2o0aTNaMExxWGtWYjUtbzVNOW0zelNwUk1DbXBnUnc?oc=5,Google News - Nguồn tin,"Sat, 02 Aug 2025 07:00:00 GMT","Trường Đại học Cửu Long trao bằng tốt nghiệp cho 227 tân kỹ sư, dược sĩ - Báo Công an Nhân dân điện tử  Công an Nhân dân"
"Loạt sự kiện tiêu biểu năm 2025 của Trường Đại học Cửu Long - Báo và Phát thanh, Truyền hình Lạng Sơn",https://news.google.com/rss/articles/CBMimwFBVV95cUxPVHZhNXpPYkNBaWdldkxZdWNzU09SNThKRzNDWkxfYUdpcTk2RUVtd0pkbUF0MGxDamxXTjB6bExVcFBzWjhWV3Y4T3AyNzc2c2VuSTVraEhZOXY5VFhOQVRPQlExcU5peGVDcEtXaVBGSUZLazY5TnRjUDBNY0dDVXY3VHhfc3NoUWpMVUxJbk9IaGdjcm5QZnpGbw?oc=5,Google News - Nguồn tin,"Sat, 21 Feb 2026 08:00:00 GMT","Loạt sự kiện tiêu biểu năm 2025 của Trường Đại học Cửu Long  Báo và Phát thanh, Truyền hình Lạng Sơn"
Dấu ấn hợp tác quốc tế với hơn 20 quốc gia của Trường Đại học Cửu Long - Báo Pháp Luật Việt Nam,https://news.google.com/rss/articles/CBMinwFBVV95cUxOV0NWQTl0V3NqMkFNVDMtY2tXS0VaekxqaFp5X3dCSGw0OHBCZ1RxczQ2bTQxT1pOa1kyTTNsVW1RY04wd0xLWHM3QVN0Ym80Mm1BWnlpejQwMUd3RXRSN3RzS3BaVERtQnBGczdGd3Fhb24yc2J6TVZudWlwa1ZjX1VBSHh1WTR0LTV3c1BEUE1mWDk1VFdBUnJhcEhxVVk?oc=5,Google News - Nguồn tin,"Tue, 23 Sep 2025 07:00:00 GMT",Dấu ấn hợp tác quốc tế với hơn 20 quốc gia của Trường Đại học Cửu Long  Báo Pháp Luật Việt Nam
Một trường đại học ở miền Tây hợp tác với đối tác Pháp - Báo Người Lao Động,https://news.google.com/rss/articles/CBMinAFBVV95cUxPVXlqN2xOUWJfc2RxMXJKRUY4LVFGS0NURkNsc2RMMXJ1WGdCdlZNTUNFLThkYm02SmFiYmUxckdSQUxlMlVGbGdTZXNFYWhjQVRDMFc5Y3NFbUlwNVNRY1NqM2ZFdVpkUnFRbEktVXJpZHdobUh6SHpIZGdnUkN4UHhFZ3AzeDVGQWZ2SVl1U19nTnVZMFIwdmpqcnU?oc=5,Google News - Nguồn tin,"Sat, 28 Mar 2026 07:00:00 GMT",Một trường đại học ở miền Tây hợp tác với đối tác Pháp  Báo Người Lao Động
"Năm 2026, Trường Đại học Cửu Long có nhiều chính sách miễn, giảm học phí dành cho tân sinh viên - Giáo dục Việt Nam",https://news.google.com/rss/articles/CBMiygFBVV95cUxOLXNBaE9oejB1aFRDRWlnUDBmVy1Bb01xVzN0LXZ6U1EyeEk0U0JYbUVydFVXQV9oWVpBUV84NGNTTm85cHdvZzVBRmlLOHBiaURyVUFaX0FESlB0RS05YVhYWWJDN3dDcUE4Skc3WWE0bFc0Zkx1OVdKWFNYbXRBdmpxcmg4aXpOTDFGbkxjc0hFRmhDckpmQjhkV2lkX0w5S1FTSURDR3ZCSkJkZmswbmh6dDhaVWVlSlgzWllzdzdPNVBQcGtRT2F3?oc=5,Google News - Nguồn tin,"Wed, 06 May 2026 01:42:45 GMT","Năm 2026, Trường Đại học Cửu Long có nhiều chính sách miễn, giảm học phí dành cho tân sinh viên  Giáo dục Việt Nam"
Video: Báo Dân trí và Trường Đại học Cửu Long chính thức ký kết hợp tác - Báo Dân trí,https://news.google.com/rss/articles/CBMipgFBVV95cUxQNTVqdUU3MlJnNVVRQnFVbkpfZWs2bGtQdXhHd283WHpsOG9XVUE1MmpaUGhReGNiTW1IRkFGUG9hOUc5WS1oRkVxcWRmQU1RZG5GanFDZUNYZE82MVM1eWNQcU12NkFiSS1IcUZnb2dOekItZDVNb19ObGRiaU5hNFdUX2Q3S3dGcmV3d2VaQmZZWHprSElsT19qY1FtS1NNQ29abFF3?oc=5,Google News - Nguồn tin,"Fri, 02 Jan 2026 08:00:00 GMT",Video: Báo Dân trí và Trường Đại học Cửu Long chính thức ký kết hợp tác  Báo Dân trí
Gần 4.000 sinh viên Trường Đại học Cửu Long dự lễ khai giảng năm học mới - Laodong.vn,https://news.google.com/rss/articles/CBMitAFBVV95cUxNRVg5QlU4anROaVFOVUotTVFoM0FXalZLbWJSa0RJVVNhbF9PWG1lZUpzZU1HaFYwTndRM2xsb3RrMGF2a3k4NTF2WWg0SWpsUlFMdnBqOURVbTdmbzhrdXphNEo3aWgxRWl6TGZ2VlhZcm1FY09MWDMyQXc3UDE3NEwyd2F3VVVoTkpxeWRkaXJ3c3h0M0NHZ183Y1FjQTVxaWd2a1JVMlJ4LVBNNTNkQzVmWFA?oc=5,Google News - Nguồn tin,"Mon, 20 Oct 2025 07:00:00 GMT",Gần 4.000 sinh viên Trường Đại học Cửu Long dự lễ khai giảng năm học mới  Laodong.vn
"Đại học Cửu Long cảnh báo giả mạo thông báo ""học bổng toàn phần"" tại Nhật để lừa sinh viên - thuonghieucongluan.com.vn",https://news.google.com/rss/articles/CBMi0AFBVV95cUxNMFFWVl8yVHVNWVhjdFZvVWZsN19RNy1ET3JXdDBlalgtU0l1b0Fla3F4U0h3bUJpa3M3WFFyNDkxdElseG1zeXpJdEFnc3pEb2RnaGdKWGJ4M0N5QktpWFJ0c3pnWmRLNURVd1lNUkphQkE3YldfdWN0NGd1U2p6OV9kYkZoQ2tBa1prMl9CVHAzQzc0bGhGOGZGOFRDRHVWbnh3SlM4aVdUWkZ1NzM3UzlNanFxaEYtT3RPVkZERW9TY2FScmZwZWp1ejRBbWht?oc=5,Google News - Nguồn tin,"Mon, 06 Oct 2025 07:00:00 GMT","Đại học Cửu Long cảnh báo giả mạo thông báo ""học bổng toàn phần"" tại Nhật để lừa sinh viên  thuonghieucongluan.com.vn"
"Năm 2026, Trường ĐH Cửu Long tuyển sinh 38 ngành - Báo Người Lao Động",https://news.google.com/rss/articles/CBMikwFBVV95cUxPTlJSUTE3Q1VnNFUxS2xBcUtGLXRocnkzc1FtNDJNS0lvdzdTN05tZlZPQ3pNMzhkTUdqMlptTzZZd01vcDR1YTJXcHNFT0ZXeTduQ3ZMVXdiRkJnc2JuWUJRdFN3Uk1jTVlLQm1LakZDTnh6TWZxUHFCYmVYbF8tZlE0LURNRUNyVV9uR3Vpa0VsTjA?oc=5,Google News - Nguồn tin,"Mon, 09 Feb 2026 08:00:00 GMT","Năm 2026, Trường ĐH Cửu Long tuyển sinh 38 ngành  Báo Người Lao Động"
TTH Group đặt hàng đào tạo nguồn nhân lực với Trường Đại học Cửu Long - Vietnam.vn,https://news.google.com/rss/articles/CBMilwFBVV95cUxPbVNkNDlkX2lObXJXSTlXbml5cURieWRraG9FVGNFU28za0R5LXBOSFRXN19GYXlfendOTm41NTJrdzJNeHAtUTVlWFhLVUdDcEJpSWNCbzlNWEFZUHpjZ2tXcnlrLWc3dzItTDIyemlzeW1UbzRrUXdFQ2g5SzN5VnplSFVKMzZubFduNC1UckdDb1dLc0l3?oc=5,Google News - Nguồn tin,"Fri, 10 Apr 2026 07:00:00 GMT",TTH Group đặt hàng đào tạo nguồn nhân lực với Trường Đại học Cửu Long  Vietnam.vn
"Vĩnh Long vươn xa bằng trí tuệ, khoa học - công nghệ và chất lượng nhân lực - Báo Giáo dục và Thời đại Online",https://news.google.com/rss/articles/CBMitAFBVV95cUxOY1FjaEUyQ3ZNbnJBTFJqM3BOemltWWJRLVBDRUcwbWdZOWhnQWVscGVTNXBVTEczR3l3UnNiVGJ3b2pJSW1EWTdiREliZUVoNW5lS1lZZTQxUUZDanZ6UUlWdFhmYnNmanowYzd2MTdWeTBFUzlVVWFGMU5rakRHRkc2aG5XWG9ValgzSVpZYnJSNjlfeXFsb2pFQ3Nac25YR2w1bDlobGVuTDZ3SVJ6X2x2NUc?oc=5,Google News - Nguồn tin,"Mon, 20 Apr 2026 07:00:00 GMT","Vĩnh Long vươn xa bằng trí tuệ, khoa học - công nghệ và chất lượng nhân lực  Báo Giáo dục và Thời đại Online"
"Trường Đại học Cửu Long hợp tác, đào tạo nguồn nhân lực cho tỉnh Champasak - Lào - Vietnam.vn",https://news.google.com/rss/articles/CBMiogFBVV95cUxPQmFpZUo5anc3cF9RVW0tSzlUanp3cHhFMkUtLTVwNDkyNVBZQmZpYXJlbXRKSGllemxBczhIUndxUENxb3dDMUZrUy1fT3NuVDVuZjRHc1RWcDNTcjdoZFVmcThYeEY0M3JLcHhmX2xnN0pxYVpmaWFYRU51WXVseWx2a0lyYTVCbHdseGtJSFI0dGNUWS00ZjFxN3FNaFBJTEE?oc=5,Google News - Nguồn tin,"Wed, 25 Mar 2026 07:00:00 GMT","Trường Đại học Cửu Long hợp tác, đào tạo nguồn nhân lực cho tỉnh Champasak - Lào  Vietnam.vn"
Chương trình Tư vấn mùa thi 2026 tại tỉnh Vĩnh Long - Báo Thanh Niên,https://news.google.com/rss/articles/CBMimwFBVV95cUxOVkFUNjJVOThlYUVmbkh4a2phWk5KelBNR0tBZnZubTVmYjF0b2RxYk55RDNlc0pFNExVZmM2MDhFZ2Y5ZlQ4LUtsUFNtVEJXLXJqOEQyR3pKN21zbEhTUWZUVmphSmtPLWNuZmE0VFJ2ZXBiS2ItdHpUVDZVN2YxM0pjUjNLcW1YV0IzVE1WVjdpLS1OQXdENUxHUQ?oc=5,Google News - Nguồn tin,"Sat, 11 Apr 2026 07:00:00 GMT",Chương trình Tư vấn mùa thi 2026 tại tỉnh Vĩnh Long  Báo Thanh Niên
Công nghệ hóa' ngành học truyền thống - Báo Tuổi Trẻ,https://news.google.com/rss/articles/CBMigwFBVV95cUxNVkthZFkwRzFLakhzSld0a0ZGdnZUY1h3R1dMNGc0VHVKRWxWT2xjcWdxa042UWltZy1pTEdrLW4xa2U5Y0wwclhpSjdRdjQ4UTE4TGhnWGxTUnJ6c3pKNmlPRHRSRXNHS0lHNGJUTjhfd0kxMFljNnlVRFRaSkdod2laOA?oc=5,Google News - Nguồn tin,"Sun, 15 Mar 2026 07:00:00 GMT",Công nghệ hóa' ngành học truyền thống  Báo Tuổi Trẻ
Video: Lãnh đạo báo Dân trí tham quan Trường Đại học Cửu Long - Báo Dân trí,https://news.google.com/rss/articles/CBMimAFBVV95cUxNNWRabzB0YkZmcUZEQ0tiVC00NEZDQ1RfMDc3TzRKQlZ3Z1VOWUV5WnZTWkF3dWhRRFRIeW1wNDFNSlQwYnRheWRPeExsMDF4bk9nd2dHXzFxUjZuXzFjb0NEMkFrbVRrbUk0bjJNV21NOGZySkhmUHE2dXhLUGlkZVFpTE1KZUlaYnhObzU3eVZLQ1NWLU91Zg?oc=5,Google News - Nguồn tin,"Fri, 02 Jan 2026 08:00:00 GMT",Video: Lãnh đạo báo Dân trí tham quan Trường Đại học Cửu Long  Báo Dân trí
"Muốn làm trong lĩnh vực dầu mỏ, dầu khí, học ngành gì? - Báo Tuổi Trẻ",https://news.google.com/rss/articles/CBMilwFBVV95cUxNcHBCenJPVkZMT1FmUkFad1lWOUw3MWY1Y2cxRTBTTEdLOHlIMkFtRGFTdkVQMjN1TTExaDFUMVJjMXdFOGZXNlpra0VZZ0Y4TXVOOWhWQnNwMGNpMmNvUmx0aFBEUG1LeXBEZmtfOVlUUXBmUVkxVGt4ODlDUFdKMGdMbmtDNFZVVjAzcWVURElEa1NXSlRF?oc=5,Google News - Nguồn tin,"Sat, 14 Mar 2026 07:00:00 GMT","Muốn làm trong lĩnh vực dầu mỏ, dầu khí, học ngành gì?  Báo Tuổi Trẻ"
Trường ĐH Cửu Long chúc Tết Tổng lãnh sự quán Lào và Tổng lãnh sự quán Campuchia - Báo Giáo dục và Thời đại Online,https://news.google.com/rss/articles/CBMivwFBVV95cUxOcmRobFlwNkxfVlU3RHcyb1RiWW93QXcwVFNSdEFTejV5MHF0bHh2VTJ3c01TOHItUEktc2dlTUU3amVvRjR2QXA4YmxUMG9zc0JpX3lLRDBjTGRDRUtKMTlVYkgyWUQ5Q21FQm4wY2F6eWFfdjRxOEk0TVFaOE9pWkdVSXJkN1NfQ0VaVXA3NHRGWlY3cmM1TWdnNHJxcUxoY0ZkOEhsa0F2bFRkLUFuWENzdjNsMjRXeExaLU1XQQ?oc=5,Google News - Nguồn tin,"Thu, 09 Apr 2026 07:00:00 GMT",Trường ĐH Cửu Long chúc Tết Tổng lãnh sự quán Lào và Tổng lãnh sự quán Campuchia  Báo Giáo dục và Thời đại Online
Tự chủ công nghệ là nhiệm vụ sống còn của các trường đại học - Báo Dân trí,https://news.google.com/rss/articles/CBMiswFBVV95cUxQQVRfalQ0RTNBeURteW5uU3hyUGdPVjJzR1BWU3NBaU01aDA4U0d6VDg2WGZ2YjVVSmJmamt3SnFuSkdEenp5WGlXSUF4ZmNERW1XQWNDQmlfel9ra0NUcjFiV3FySVFTVDgwa2doQUY0aG5yS2pZaUdYVXhhZVloaE1rYkZ1RmVSYUs5ZktaV1Z1OFN1OVhVVUl4NURFa3ZWZ2kyNzhRbkpyNXFzX1dCcDgwWQ?oc=5,Google News - Nguồn tin,"Sat, 17 Jan 2026 08:00:00 GMT",Tự chủ công nghệ là nhiệm vụ sống còn của các trường đại học  Báo Dân trí
“Tuổi trẻ Trường Đại học Cửu Long: Đoàn kết - tiên phong - vươn mình - phát triển” - Báo Đồng Tháp,https://news.google.com/rss/articles/CBMisAFBVV95cUxNQlNDUzZZTWpwb1VWSUtiWmczWktfS0NMM3dxZE96aEU5Nnk0ZWxCMXc5NzhxY3lFZzA1VE5ReTlTeUFCZnU4U2NIa2ljQU1oM2RZeHAxZ1NPNG5pY3h5Ykk2RGdab3pjR3ZQUjNoUmNHVkhuU1ZNUVhTZlBaV1VSR0h1REtTTmxsZUtTdEMwbHktV0xSUldXOEVWOGVHSGdyVS02cWlNOE52NURkaE9aWg?oc=5,Google News - Nguồn tin,"Mon, 15 Dec 2025 08:00:00 GMT",“Tuổi trẻ Trường Đại học Cửu Long: Đoàn kết - tiên phong - vươn mình - phát triển”  Báo Đồng Tháp
Trường ĐH Cửu Long thêm 3 chương trình đào tạo đạt chuẩn kiểm định chất lượng - Báo Thanh Niên,https://news.google.com/rss/articles/CBMivgFBVV95cUxNcFQ1SnpEb2dZUTJDUENFeXZ6SXJRUm9zWEhuLURXNlNMcTFRdmZkSnp1QXJTLWhDR2Q5MEdJckVmaWV4TUktMnhsdDh2bXg4ek50OThTampKQy1zRFBTQ3k3ZUFZaUhseWE1RFYwWjFVS1otS0pmdHV4WmYybEhGbzkweTlWNGpsTTdlSHpZaTJzT0FNMFQ5TlR6UDZlUTFfekprS1VpNnJSYjRiQVBweXVjYWpmVnh0OUJUbkt3?oc=5,Google News - Nguồn tin,"Mon, 29 Dec 2025 08:00:00 GMT",Trường ĐH Cửu Long thêm 3 chương trình đào tạo đạt chuẩn kiểm định chất lượng  Báo Thanh Niên
"Gần 4.000 người được khám bệnh, cấp thuốc miễn phí tại Trường Đại học Cửu Long - VOH",https://news.google.com/rss/articles/CBMitwFBVV95cUxNaWx4cm4zaHd1Yy1UeGFZenE5Y2tzMHNXU1pkejVlaHJfT2xMMENKS1B5a3NSRzlhUVpTRVVQLUtDdHczcVBwZFpieVhZNHZCR2tnYWN5d2h6elcyQXBhNXEyQTE5UWxwbXpBdDBSVkNWT0Z6X3JhcG1peFppQ04xUEl3NlNZOXdDeHUwTXBwQVBBQk1zamZWS3ZMR2xqdW9KQkxBQzFrN0poOEMzSURpZzJxOFM4S3M?oc=5,Google News - Nguồn tin,"Sun, 08 Mar 2026 08:00:00 GMT","Gần 4.000 người được khám bệnh, cấp thuốc miễn phí tại Trường Đại học Cửu Long  VOH"
Sinh viên ngành truyền thông Trường ĐH Cửu Long hào hứng tham gia trải nghiệm thực tiễn - Báo Thanh Niên,https://news.google.com/rss/articles/CBMiywFBVV95cUxNV29PcjdsdzN4M3h0UERoUWZOZjdsSWNGWk5jR2tyX2dYVXVJUU5zWXBkc1RZTHBPUGl6bWsxMFFscVB1N0x0Rm9aNnNIVEJ4bXVTZWJBbE5xUVNhdG42czRDQks3aXRHaFRSMXZWU25ydEZjZWtDV0ROcUZxdVM0U2l2UnBCT3Bqa0lNaGtZRW9vTmpEVXR4MUJjdEp5MmZQWHlhQjRaYmtZeXZFVGJoU1o3U18xZWh2SEplbkhiSWtEbWx1QVNNWjVBNA?oc=5,Google News - Nguồn tin,"Fri, 12 Dec 2025 08:00:00 GMT",Sinh viên ngành truyền thông Trường ĐH Cửu Long hào hứng tham gia trải nghiệm thực tiễn  Báo Thanh Niên
Mô hình dân vận khéo dành cho lưu học sinh tại Vĩnh Long - Báo Nông nghiệp và Môi trường,https://news.google.com/rss/articles/CBMiogFBVV95cUxPT1FaUlpIRmt2RTliLVdCbUhhTkhSbzl5SGJZOFNDV2ZzSHliOW1RVzVhY3RmXzljWHUtcnVsSzV3SWh6LU5HYXJLNmVZbHdJNFJvSjdhM21hTUtrQkZjaTBocTlOQzZGMkpVcnNsOFVuOFB3SmF4LW9PbDJkZldubDc0ZkJlNmFwcl90TGNEMEpKNlRXSmE5UUhlM20yYU5yMXc?oc=5,Google News - Nguồn tin,"Tue, 14 Apr 2026 07:00:00 GMT",Mô hình dân vận khéo dành cho lưu học sinh tại Vĩnh Long  Báo Nông nghiệp và Môi trường
"Khám bệnh, cấp thuốc miễn phí cho gần 4.000 người dân Vĩnh Long và vùng lân cận - Thông tấn xã Việt Nam (TTXVN)",https://news.google.com/rss/articles/CBMizwFBVV95cUxPTVFtQVRvUV90RFhkeVZiNVBoU1IwLVpacHNMbkJtVTd3WkNSYk9lYVB2aV8xVVNpQVFsRkRNODFoT01pUzNWN1JESkcxMHI0Z3lHSWFYWXVqWGM5dGRNSDg1N1hCNkRDNmNxQmxUbm1USkx0eFB0WHBvVWtrc1MwLVQ0bUo3VHlHS2dtR3RkcHFKMUZMTXBYMjV6dlVpY3F2VGh0ODBPS3RqVDJOWnhra2YyY290WUd0QXpQUE9ib3ZZc3NnTWl0TkxHaklIeTg?oc=5,Google News - Nguồn tin,"Sun, 08 Mar 2026 08:00:00 GMT","Khám bệnh, cấp thuốc miễn phí cho gần 4.000 người dân Vĩnh Long và vùng lân cận  Thông tấn xã Việt Nam (TTXVN)"
"Trường ĐH Cửu Long tăng cường kết nối với các trường THPT, Trung tâm GDNN-GDTX - Giáo dục Thủ đô",https://news.google.com/rss/articles/CBMixwFBVV95cUxNQ0ZMMklBLTlObE51WWdSWmdSZzB3b1JMR0RLWnNndVVOdkl0QlhQeUxPUWIzRlZ3WFdUSkF2ZkJKMXgyU28tb0xqQjFueW9mZ0dBYTJVOUQ3UTJtb0Z1Y1JVdjdKeGZ5aXJ3c1oyUXBuUFc4cHZmaklnd3VjYjdubFJ1QVhDc25kNHpWajQ0NGo4OTVnUURfY1RBU2x3VlN5b2szbFpBT29WRTRqeC1fMl9nZDZoMmtVSEVuZ1M3WWpYR2dXS0tr?oc=5,Google News - Nguồn tin,"Mon, 09 Feb 2026 08:00:00 GMT","Trường ĐH Cửu Long tăng cường kết nối với các trường THPT, Trung tâm GDNN-GDTX  Giáo dục Thủ đô"
"Năm 2026, Trường ĐH Cửu Long tuyển sinh 38 ngành - Vietnam.vn",https://news.google.com/rss/articles/CBMiekFVX3lxTE44aFNGUUxDbGstcS1HaVpfR1NEc0xZR091Zm5femhoaFNYX0x2b21fR1A5SFJud1ktaE5oQXo5M3ZMbUpaSGpid1ZiUXBNY0RWQ0haX3VKdF84ZE5lNlpSNHBzMFBKdXNXWG1VajQwZXpCLWFKdTdPUXd3?oc=5,Google News - Nguồn tin,"Mon, 09 Feb 2026 08:00:00 GMT","Năm 2026, Trường ĐH Cửu Long tuyển sinh 38 ngành  Vietnam.vn"
Đại học Nam Cần Thơ vô địch Giải Futsal HDBank sinh viên khu vực Đồng bằng sông Cửu Long - Báo Quân đội nhân dân,https://news.google.com/rss/articles/CBMi0gFBVV95cUxNa0dIbWdCSGhNWUVjMnEtTl9PUjU5WFpIRm1NSm1yNWlvUVhmOEluYmpxZUlCZkZESWRUZGI2YnZhczRtaTFVaWs3T2w4VlJuWEtwa1VCVHhFYzl2TmtNRV91VVZ6OG9fRXliNkx2cXM5Nnc5MkFkUkhxdEVwc19peGlwR1FOU0hEY05od2l1MW9CNnBvdUxoRXFjamtiSEY1TXRhWjdOU3VQSHhEWms2VG9OYXpsRGRMNXp3bU43ZGNXbFNuTTI1MnJIQ1B2ZF9zUXc?oc=5,Google News - Nguồn tin,"Sat, 28 Mar 2026 07:00:00 GMT",Đại học Nam Cần Thơ vô địch Giải Futsal HDBank sinh viên khu vực Đồng bằng sông Cửu Long  Báo Quân đội nhân dân
Đoàn công tác Bộ Quốc phòng Vương quốc Campuchia thăm và chúc Tết tại Trường Đại học Cửu Long - Báo Công an Nhân dân điện tử - Công an Nhân dân,https://news.google.com/rss/articles/CBMiywFBVV95cUxOcFB4emFCdXN0RzlTbjlBUEhrQ0dEQzdFUGVWYnk0aDJHRjZIMkhhTG54aGt2R29XbUZwS0xsTlNYdklZSG03Rjdmai0yM01kaWg0alFWR09Xb2IyQmFUZEItSGRYbS1MRFV4dllzN2NQeUlTOF9oSXVzMkdZV0VnVzdIWGFXaFdqZGxxdVlPU2tYNm9jSGt5UkE4VVpGQkVEcWxrUHpDU01DdmdZRjlBREMtY2lhZEY1c2xOQ1JEQjdTamVYNWVzMG5tMNIB0AFBVV95cUxQdEJFTkh4WVpuYWRrQVotajF4NEU1T2RXZnlzdnFINWtkZW5QcWRpTndpaTJmeVAzM1kyWnJpVmQyeE85TTVrU0FvSGdhY2xCb1U3eWJHUzd2TG84bzVRclZNRnpHSGZ1ZnpMaWtXdEpmOFJwRmtPNkZxbWkxdElTWGhmaFM1d3drVTd5dFotc1l2bnZ3aFJKVXl4cmtramcyb3llaE1obTczX0VXMTBUUk5SYUpXYmo3bkprZzJUVmJXQVdOa3BUU29KWjM4cXBF?oc=5,Google News - Nguồn tin,"Wed, 04 Feb 2026 08:00:00 GMT",Đoàn công tác Bộ Quốc phòng Vương quốc Campuchia thăm và chúc Tết tại Trường Đại học Cửu Long - Báo Công an Nhân dân điện tử  Công an Nhân dân
Bác sĩ Pháp đến khám bệnh miễn phí cho người nghèo Vĩnh Long - Báo Tuổi Trẻ,https://news.google.com/rss/articles/CBMiowFBVV95cUxNaU1DcEt2YlVQZVFqTzR0MEpzY1VyTGtrOURPQWE4OEExek1rdThCal9oQ3ZyQ0FUOG5RWlBFT1lKRVJuelRIeFpidXhmRVRRX0ZZYlZFYVY0ZUhlTGlTMktHeE1BVnFzekMwaExFSWpuQzVHUnNRakZSOVk0MU1IYXRnY1FyMXpNdGtiWmtwVTU0c2JfTG1WVE4xZDFHU3RJNUF3?oc=5,Google News - Nguồn tin,"Sun, 08 Mar 2026 08:00:00 GMT",Bác sĩ Pháp đến khám bệnh miễn phí cho người nghèo Vĩnh Long  Báo Tuổi Trẻ
Gần 4.000 người dân ở miền Tây được khám bệnh và cấp thuốc miễn phí trong ngày 8-3 - Báo Người Lao Động,https://news.google.com/rss/articles/CBMiwAFBVV95cUxNbUlxNkxMaWNmU0hBZ3lmbExJVkxEaHUzYTJ2T1p3cTgxc0xjWUJfREw3UUhMS3FTLWRUTG5mVlhKTEVMd3k1OE1QMVRTeTlkSjZkQ0VtVkR1LXp1WWtRUURUZXM1YTdhSy10aWFoTjdaSmxEMjdiRkRrckpMNUQ2MG9tTGZKSWoyRXF1aHBtdjFBdnNTVDIzV0VZU3EyR0FOd2F3aDRnWXlnaGUwTzVFLWduenN6RUlnYVZuU1FrN0M?oc=5,Google News - Nguồn tin,"Sun, 08 Mar 2026 08:00:00 GMT",Gần 4.000 người dân ở miền Tây được khám bệnh và cấp thuốc miễn phí trong ngày 8-3  Báo Người Lao Động
"Gần 4.000 người dân được khám bệnh, cấp thuốc miễn phí - Bao Vinh Long",https://news.google.com/rss/articles/CBMiqwFBVV95cUxQVUhsMTJ5WTIxc0VINDhjdmZ5cU1WWXB0em5yVEdMeTl3eldtRXkybXVKRW4tRFZVa0U0bHV2RGpNNlVaZXRCNnZKazY4Q1M4THBjZVJmbUNlaDBlTGEzX0tMRlg2cVU2cnhWcVM3cTJjWDZfbldPcEdPZVFrZ29PaG1LUVhveXcwQW53T0xzRVJxck1UZnh0cWZHZmlIM2ljcEd5b2pYeG1uQ2s?oc=5,Google News - Nguồn tin,"Sun, 08 Mar 2026 08:00:00 GMT","Gần 4.000 người dân được khám bệnh, cấp thuốc miễn phí  Bao Vinh Long"
Tổng kết công tác đảm bảo an ninh trường học tại Vĩnh Long - Laodong.vn,https://news.google.com/rss/articles/CBMiowFBVV95cUxNUF84bmJIYWxHNmRURG5mY1l0N0FibEJhRm1SUnc3Q2VKRkRlSVFjX19IS3BqYWtkWmpfUXl1WnlnN1M4Rk5JbTFNcHJHY3VtQUtoekFWZUh4X0o0RU9KQUZ3LTh5WHprR0VwSzFKQWFTRUoycGYybXUtNTk1bFRjQXdxaHJaQXJCcGRMZkMxY1NndlZRZFh5bkhxM3Yza0o2ZU9N?oc=5,Google News - Nguồn tin,"Wed, 28 Jan 2026 08:00:00 GMT",Tổng kết công tác đảm bảo an ninh trường học tại Vĩnh Long  Laodong.vn
Lần đầu tổ chức giải đấu Futsal sinh viên ở khu vực đồng bằng sông Cửu Long - Báo Đại biểu Nhân dân,https://news.google.com/rss/articles/CBMitgFBVV95cUxNUkVTVFFtdGhsV0pBNDdyemROY1dDRzN3MmhUeVdtQWV6dnIwZDZsbGlHMmZ3eE9YQk1oeW10WHRLX1UxTVdvLW9SVVFxLUZJSGl6dFplRUl2NVhqSkk2SmtMaGZEcmFLX1cxN3pLbXl5QjhaUkxXSS16MGVfTnh6N21mcHVFMjB5NXlpa1hHUmNYZTUzYjJHQVlPejNtN21FTHBIXzU5OEx4STVlUWpoSHk0MS01QQ?oc=5,Google News - Nguồn tin,"Fri, 13 Mar 2026 07:00:00 GMT",Lần đầu tổ chức giải đấu Futsal sinh viên ở khu vực đồng bằng sông Cửu Long  Báo Đại biểu Nhân dân
Bế mạc Giải Futsal HDBank Sinh viên khu vực Đồng bằng sông Cửu Long - Thông tấn xã Việt Nam (TTXVN),https://news.google.com/rss/articles/CBMiwgFBVV95cUxNbEdkQWJ1d19PWnptQXRqeV9WWXVJS0RJN3lUemZ6R0E4UWdIcUZRYnhTaFJaSFlKbkJsOGpqbnRqWGpkcVVpek9pTGFZSV81Z0pkcGtvbW1WVjZ3ZV94cGh2QjdLc2pCZktNNUtqVFJvSVJvcEQ1eTlxUjJwR2puV01YbGFJTHd2X0hMdmVpOGhSLUhuM3NXZXNhUjllUUwzS0g0WlM2dV94TVM4MUtsVThfd0kzVkRKcmw2TjFqN3dQZw?oc=5,Google News - Nguồn tin,"Sun, 29 Mar 2026 07:00:00 GMT",Bế mạc Giải Futsal HDBank Sinh viên khu vực Đồng bằng sông Cửu Long  Thông tấn xã Việt Nam (TTXVN)
Nâng cao chất lượng học thuật các bài viết đăng trên tạp chí khoa học - Báo Công an Nhân dân điện tử - Công an Nhân dân,https://news.google.com/rss/articles/CBMiqwFBVV95cUxNbFZyMVN2MEFVTzJoekdnM3dzVDBsX1M5SnhwT3ZkOWxiOFJJaGhwT3gtZEhlTEh5dEN0REYzZjJnVXZ0anZxVnV4SlN3c0twUGdab0wtLXhrUTVNWkMyX2ZOM2F0WUt0NU1VZVVPX0ZXejVDUjI4UTdReTVQUGZPa0dBVTE0ZVZpaEdFUHFJRVpZekZweTdtT1UteTFCSVhmc2RpT1Q4aW1vVzjSAbABQVVfeXFMTW9QeGhmeTl4REZKZUhmR0djem82bEI4NGMzTFk4d0V3TloyNktVMDBrS3Vob2hSWjBXSnZ6RjZ0dGdYUzRvdFFCVm5od21sZnpRTEd1aGRJZW1WdGh2cXpoN0VXY0xWWG4zZnhwNFVYaERJOFMzTzc1dUd6NWJHZVloaXhtSUdxejMwTkY5ZnlZQkhiSnNTQm13di03VzlYMTd4ai1jRV91dWF4V0ZOMDc?oc=5,Google News - Nguồn tin,"Fri, 30 Jan 2026 08:00:00 GMT",Nâng cao chất lượng học thuật các bài viết đăng trên tạp chí khoa học - Báo Công an Nhân dân điện tử  Công an Nhân dân
Diễn tập phòng cháy chữa cháy và cứu nạn cứu hộ tại Trường Đại học Cửu Long - Báo Người Lao Động,https://news.google.com/rss/articles/CBMiuAFBVV95cUxQQU0xd3Y1T1gzZUVYUUVwcXVoZ2JmMkYybmZEMjlFTDA3cnRnbi1nX1QwY2lGRm1IUjh3QU1qLS1WTVplcVRWWS12SWVIaGs0Q2xfY0lKQ3BvVXRwbldNRk1SdlhXSmFVUUhkbFFvaXgyVFFoSHh5d0pZZ0dhbnp3RFJhU3g1LXF0X2tXNF9IanlpOXMwU3lPNXozNjVOVFcwZGpGMWRycHh6dFNIdHJCVUJka3ZteHlh?oc=5,Google News - Nguồn tin,"Fri, 28 Nov 2025 08:00:00 GMT",Diễn tập phòng cháy chữa cháy và cứu nạn cứu hộ tại Trường Đại học Cửu Long  Báo Người Lao Động
Đặc sắc đấu trường futsal sinh viên Đồng bằng sông Cửu Long - VOV,https://news.google.com/rss/articles/CBMioAFBVV95cUxPRFplUGJORG42bHBJUHNjVENudkhYWmxXb0NxM3ZyY1hteWlvMEhVb0VHMG1XdnhjbTlEZ2hhSzJIUjgxSTBSbHhRQjBmY05WWXB1ZW9wN0NmblRtZHVQWTU2RUtfSTJBNlIzUGlhZHpBRk9QZFJGT3FWRm9xUDJ1NTNrOTNxbkZTZ3hMeEh5cmR3bjhfY3hSczNoMDR0T1hu?oc=5,Google News - Nguồn tin,"Sat, 14 Mar 2026 07:00:00 GMT",Đặc sắc đấu trường futsal sinh viên Đồng bằng sông Cửu Long  VOV
Trường ĐH Cửu Long mở rộng cơ hội việc làm tại CHLB Đức cho sinh viên - Báo Giáo dục và Thời đại Online,https://news.google.com/rss/articles/CBMisAFBVV95cUxQYlJZME1wOHc2aUZoV1dxV3M5dDNIbGpEV3NXZkFQSW52bHA4WlBRWWt5VExGaUxzOXV6TlZuQWp3QjVaZ0NJV1pkUXJmWXdHOGR5MFNMZmQ5aDJCb3p1cGJGQkhucVVPYzF2RV9FbUEtNVBGam9HRzJzTGdpa08xV1ZBbEtCdGF6N01ZVlRkYVc0RVdHdWdIeWhrZ0tRbXYwamtFaE5KNzJ2SFFnYkdUcA?oc=5,Google News - Nguồn tin,"Wed, 25 Mar 2026 07:00:00 GMT",Trường ĐH Cửu Long mở rộng cơ hội việc làm tại CHLB Đức cho sinh viên  Báo Giáo dục và Thời đại Online
"Nâng cao nhận thức về chính trị, xã hội trong sinh viên - Báo Nhân Dân điện tử",https://news.google.com/rss/articles/CBMikwFBVV95cUxOOFh0MEszRUhXYURPak5QYlUxU3VNeUt0R3UxTHhuN202Qk5pYTFWVVNGYzFMSHlQaTl6Y0RRYUhfN01RUTdnNXBvWkl1THItenp4NU5TTlozRHZKYXFYT2VvX3NnMFNybXNZV3p3Z1lMMmNINlZUUllreDFmTFBwVXFKMUZuaGlsUFhxZmVpa1RsX1k?oc=5,Google News - Nguồn tin,"Wed, 18 Feb 2026 08:00:00 GMT","Nâng cao nhận thức về chính trị, xã hội trong sinh viên  Báo Nhân Dân điện tử"
"Nâng cao nhận thức của sinh viên trong đấu tranh, bảo vệ nền tảng tư tưởng của Đảng - Báo Công an Nhân dân điện tử - Công an Nhân dân",https://news.google.com/rss/articles/CBMiyAFBVV95cUxOZzJvaTlwUkNfUGZvV0FZX21oSjc0N1JqS0d4S2Rhb2lZVklCaUtVaGhfSkpLeTlENEtuLUFHYkY4VVJDcjBUbVI0bE81TzVmdHlDMkd6cVZMaG9QaVViUUhmb3pjS0prRTFUQXJpa0xNb2VzcExYa3ctVzNuVXRuS3YxVzd2ZnBGajY5aG5FSmtiR3NRWXVKMktyQlFUYTBobjB1SEpWaDY4ak9TZnA2TFA0MHMxYU1oUk42ZnJBM1U2eXJfYkNHRdIBzgFBVV95cUxOVk1pT3N4WVlCM0EwTmQwQkdseG1Wd28zN2NSUWgwQld3eHZmOC0yQXBUZW9uclNaSVR1TEtvenFleWhoRTF2T3ItQzhnSFlpWV9rYVFXLUNibjZ0dVJLYXB0LTIzdDZ0YTR0c2dtYlpSNmdSaHMySTYxQkhyTjhobFM4T3czZ2RvNlAxTG11WmVDbFk5TWRSdjlwQ2tjZk1fM29MMWxPb3RyYjhtZDJmd0hoOW93NTVRcTFOeG50cEVRRmFyeGVhc2JRTF9JUQ?oc=5,Google News - Nguồn tin,"Wed, 28 Jan 2026 08:00:00 GMT","Nâng cao nhận thức của sinh viên trong đấu tranh, bảo vệ nền tảng tư tưởng của Đảng - Báo Công an Nhân dân điện tử  Công an Nhân dân"
Lễ công bố Giải Futsal HDBank Sinh viên khu vực Đồng bằng sông Cửu Long - Báo Nhân Dân điện tử,https://news.google.com/rss/articles/CBMiqgFBVV95cUxOanlYeUNVOTFfMkQ5NzRMUUhMcGlSRGJHYW5YYTlQdHJlZTQ0WHByeFFvNm56Sl93NkVEVUhob2FyMFhfSjN1eFpMMXBTcmRSS1B6ZDUwNFpheWdWTWphS1prRzlkTzJGMXlmVmo0Z0h4MHhLM0tXQjNVRXZpajlBV3ZVSkRaUklMdDBiWGc5U3ltejNNbkFBME9kUlFWS0NtZ09OLV9CZkR5Zw?oc=5,Google News - Nguồn tin,"Fri, 13 Mar 2026 07:00:00 GMT",Lễ công bố Giải Futsal HDBank Sinh viên khu vực Đồng bằng sông Cửu Long  Báo Nhân Dân điện tử